,个人编码,标签
0,352120001207726,1
1,352120000183777,0
2,352120002857717,0
3,352120001492069,0
4,352120001574938,0
5,352120001114553,0
6,352121000142166,0
7,352120000447733,0
8,352120000515129,0
9,352121000391830,0
10,352120002630279,1
11,352120000826476,0
12,352120002412049,0
13,352120001030833,0
14,352120002100609,0
15,352120001344900,0
16,352120002497584,0
17,352120003314024,0
18,352120001005054,0
19,352120002392253,0
20,352120002219747,0
21,352121003883471,0
22,352120000167360,0
23,352121005318886,1
24,352120001087263,0
25,352120000342646,0
26,352120001006849,1
27,352120001122368,0
28,352120003352946,0
29,352120001264174,0
30,352120010388791,0
31,352120002817652,0
32,352120010429886,0
33,352120002491046,0
34,352120002445186,0
35,352120003658856,0
36,352120000318481,1
37,352120002470448,0
38,352121000560203,1
39,352120001286598,0
40,352121000884056,1
41,352120001320994,0
42,352120000662174,0
43,352120001891422,0
44,352120002193107,0
45,352120001181281,1
46,352121203465873,1
47,352120000331900,1
48,352120001395768,0
49,352120000636304,0
50,352120002468870,0
51,352120002001201,0
52,352120001582538,0
53,352120000612579,0
54,352120003775170,1
55,352120002576410,0
56,352120000352001,0
57,352120002029762,1
58,352120001996831,1
59,352120001427271,0
60,352120002026125,1
61,352120000602475,0
62,352120003709678,0
63,352120002835576,0
64,352120000030578,0
65,352120000016123,0
66,352120003255261,0
67,352120001241244,0
68,352120002500667,1
69,352120010575939,0
70,352120002200372,0
71,352120003263589,0
72,352120002599566,1
73,352126003337937,0
74,352120000107561,0
75,352120001050000,1
76,352120002847577,0
77,352120003580066,0
78,352120000392635,0
79,352128000117536,1
80,352121000429310,1
81,352120003288595,0
82,352120000936588,1
83,352120000688991,0
84,352120000782218,0
85,352120003296964,0
86,352121000653308,1
87,352120001863722,0
88,352120000399330,0
89,352120003610738,0
90,352120002107692,0
91,352120001249015,0
92,352120001290705,0
93,352120010083392,0
94,352120000809925,0
95,352120003660553,0
96,352120001207720,0
97,352120003252763,0
98,352120000069779,0
99,352121000272778,1
100,352121005887500,1
101,352120001942022,0
102,352120002785383,0
103,352120000827238,0
104,352121000077804,0
105,352120002607787,0
106,352120001502154,0
107,352121000713353,0
108,352120000057453,0
109,352120002704130,0
110,352120001983532,0
111,352120000143633,0
112,352120002540855,0
113,352120002214996,0
114,352121203396945,0
115,352120001515411,0
116,352120002178259,0
117,352120002150973,0
118,352121003976475,0
119,352120001020666,0
120,352120002117103,0
121,352120001403456,0
122,352120002058900,0
123,352120000582849,0
124,352120003320221,1
125,352121000985552,1
126,352120000697817,0
127,352121000765291,0
128,352121203419675,1
129,352120000204751,0
130,352120001522640,1
131,352120000488724,0
132,352121005677753,0
133,352120001991016,0
134,352120000456445,0
135,352120000856861,1
136,352120000574091,1
137,352120002039324,0
138,352120002529323,0
139,352120003249215,0
140,352120001215643,0
141,352120010433579,0
142,352120001926751,0
143,352120000228512,0
144,352121004791562,0
145,352120000282319,0
146,352120000770416,0
147,352120000773953,0
148,352120002142947,0
149,352120000204614,0
150,352121204258485,1
151,352121000846667,0
152,352120000663573,0
153,352120001851473,0
154,352120003745324,0
155,352120000773274,0
156,352120003307458,0
157,352120002414839,0
158,352120002570187,0
159,352120000151091,0
160,352120001381911,0
161,352120010055665,1
162,352120010118624,1
163,352120003438471,1
164,352120001354983,0
165,352120000613488,0
166,352120000078815,0
167,352120001997058,1
168,352121004218196,0
169,352120002813229,1
170,352120010403979,0
171,352120003360683,0
172,352120001336086,1
173,352120002727159,0
174,352120001962461,0
175,352120001310584,0
176,352121000045809,0
177,352120003206427,0
178,352121000108244,0
179,352121005045280,0
180,352120002572739,0
181,352120000467409,0
182,352120001045535,0
183,352120000938409,0
184,352120002028522,1
185,352120003220024,0
186,352120002530462,0
187,352120001540516,0
188,352120010171492,0
189,352120000975419,0
190,352120010022609,0
191,352120002941250,0
192,352120003666966,0
193,352120010030239,0
194,352120001458042,0
195,352120001534683,0
196,352120002045690,0
197,352120002639390,0
198,352120002505314,0
199,352120002856175,0
200,352120002762425,0
201,352120002143821,0
202,352120001966131,0
203,352120002927126,0
204,352120001925774,0
205,352120010208087,0
206,352121005559198,0
207,352120002608471,0
208,352120001627872,1
209,352120010570970,0
210,352120002838788,0
211,352120001319968,0
212,352120002763199,0
213,352120000388081,0
214,352120003429382,0
215,352120000130594,0
216,352120002716400,0
217,352120001450227,0
218,352120002439392,1
219,352120002528307,0
220,352120003173489,0
221,352120001972608,0
222,352121000087150,0
223,352120000828715,0
224,352120002008910,0
225,352121000533398,0
226,352120010006202,0
227,352120001215881,1
228,352120002174532,0
229,352121004148843,0
230,352120000129964,0
231,352120000527407,0
232,352120010033518,0
233,352120002568646,0
234,352126003491555,0
235,352120000496171,1
236,352120001469537,0
237,352120003431742,0
238,352120000299882,0
239,352120003581620,0
240,352120001593183,0
241,352120010124843,0
242,352120000141165,0
243,352120003587100,0
244,352120001339826,0
245,352120003664464,0
246,352120002503898,0
247,352120001311477,0
248,352121004197335,0
249,352120000334659,0
250,352120003572822,0
251,352120001938797,1
252,352120001328430,0
253,352120002855348,0
254,352120000154552,0
255,352120001260273,0
256,352120003258070,0
257,352120001924597,0
258,352120001305475,0
259,352120000041233,1
260,352120000589554,0
261,352120001153373,0
262,352120000025836,0
263,352120000153565,0
264,352120000982310,0
265,352120002176471,1
266,352120001128842,0
267,352120002122374,0
268,352121004253650,1
269,352120010101220,0
270,352120000106379,0
271,352120000133420,0
272,352120000131179,0
273,352120001960049,0
274,352120010171640,0
275,352120003230763,0
276,352121000634006,0
277,352121004258149,0
278,352120001532444,0
279,352120000153585,0
280,352120000417268,1
281,352120000927901,0
282,352120003568732,0
283,352120001980058,0
284,352120000640080,0
285,352120003304434,0
286,352120001836695,0
287,352121005939224,0
288,352120003321399,0
289,352120000514211,0
290,352120002041919,1
291,352120001981497,0
292,352120000945588,0
293,352120000801291,0
294,352120000325611,0
295,352120001621778,0
296,352120002725898,0
297,352120000491560,0
298,352120000090780,0
299,352120000071129,0
300,352120000220118,0
301,352120003174564,0
302,352120000716961,0
303,352120010150705,0
304,352120000066304,0
305,352120002023650,1
306,352120000707407,0
307,352120000148579,0
308,352121000671765,0
309,352121005852353,0
310,352120000486831,0
311,352120003685943,0
312,352120001040455,0
313,352120001586205,0
314,352120000785811,0
315,352120003201066,0
316,352120002104213,0
317,352120002157500,0
318,352120002805637,0
319,352120001906519,0
320,352120001858458,0
321,352120001180596,0
322,352120001258424,0
323,352120000394162,0
324,352120002127089,0
325,352120003172336,0
326,352120002074944,0
327,352121000137420,0
328,352121205729231,0
329,352120003177386,0
330,352120003635688,0
331,352120002810202,0
332,352120010171727,0
333,352120000155639,0
334,352120000253759,0
335,352120002038905,0
336,352120000988406,0
337,352120002767777,1
338,352120001867648,0
339,352120000989272,0
340,352120000238988,0
341,352120002023388,0
342,352120001232738,0
343,352120002516003,0
344,352120003279250,0
345,352120001626151,0
346,352120002104413,0
347,352120000171367,0
348,352120000390909,0
349,352120001900362,0
350,352120002183156,0
351,352120001039306,0
352,352120003319436,0
353,352120003604078,0
354,352120001978578,0
355,352120003583411,0
356,352120003261408,0
357,352120000141654,0
358,352120000654354,0
359,352120000604562,0
360,352120010067838,0
361,352120003646065,0
362,352121000104835,0
363,352120003264020,0
364,352121000788200,0
365,352120003216103,0
366,352120000270795,0
367,352120001190279,0
368,352120003274777,0
369,352120001295436,0
370,352120002414217,0
371,352120002597188,0
372,352120000679000,0
373,352120010017965,0
374,352120003191379,0
375,352120001892004,0
376,352120002713921,0
377,352120003219811,0
378,352120001353894,0
379,352120000172434,0
380,352120002635755,0
381,352120000494085,0
382,352120000933563,0
383,352120003192692,0
384,352120001488927,0
385,352120002791185,0
386,352120001023393,0
387,352120003796271,0
388,352120000308946,0
389,352120002229695,0
390,352120002076782,0
391,352120002393069,0
392,352120000514800,0
393,352120001959765,0
394,352120002473572,0
395,352120003723456,0
396,352120000240645,0
397,352120001601381,0
398,352120001431441,0
399,352120001005237,0
400,352120003222129,0
401,352120000181483,0
402,352120002110785,0
403,352120010401053,0
404,352121000253293,0
405,352121000450312,0
406,352120000676307,0
407,352120001197702,0
408,352120002123572,1
409,352120003718577,0
410,352120000400698,1
411,352120001593064,0
412,352120001114481,0
413,352120010200141,0
414,352120003507371,0
415,352120003367513,0
416,352121204572896,0
417,352120000020041,1
418,352120000973832,0
419,352120002542585,0
420,352120001444579,0
421,352121000940025,0
422,352120001441253,0
423,352120000381859,0
424,352120002594659,0
425,352120001590148,0
426,352120001533588,0
427,352120010517686,0
428,352120010055446,0
429,352128000121195,0
430,352128000061026,0
431,352120000206448,1
432,352120003310360,0
433,352120003381921,0
434,352120003242864,0
435,352120000839163,0
436,352120002055099,0
437,352121004371226,1
438,352120003325451,0
439,352120010113984,0
440,352120001932262,0
441,352120002089218,0
442,352120002038785,0
443,352120002074212,0
444,352120001481375,0
445,352120000610242,0
446,352121005049371,0
447,352120000577151,0
448,352120000501769,0
449,352120001234781,0
450,352120002063736,0
451,352120002072078,0
452,352120000106023,0
453,352120002706308,0
454,352120010068700,0
455,352120003439348,0
456,352120001191426,0
457,352120001619608,0
458,352120002728337,0
459,352120000106956,0
460,352120002069112,0
461,352120001945562,0
462,352120000888311,0
463,352120001325077,0
464,352120003654062,0
465,352120000485216,0
466,352120002544255,0
467,352120000543625,0
468,352120000474014,0
469,352120001020643,0
470,352120000860622,0
471,352120000787218,0
472,352120002202929,0
473,352120000666598,0
474,352120000263754,0
475,352120001852343,0
476,352121000423932,0
477,352120010571067,0
478,352120000111324,0
479,352120001976492,0
480,352120002016933,0
481,352120003277815,1
482,352120003292542,0
483,352120000190274,1
484,352120003375028,0
485,352120000263872,0
486,352120000539261,0
487,352120000984609,0
488,352120002673063,0
489,352120000627031,0
490,352120000776954,0
491,352120000889736,0
492,352121003848544,0
493,352120002712084,0
494,352120001303488,0
495,352120010530958,0
496,352120000713302,0
497,352120000537236,0
498,352120000476184,0
499,352120010570491,0
500,352120000856348,0
501,352120000870275,0
502,352120000568902,0
503,352120003541489,0
504,352120003560097,0
505,352120000878524,0
506,352120002573007,0
507,352120010194810,1
508,352120000774869,0
509,352120001015563,0
510,352120003173569,0
511,352120001461194,0
512,352120001596750,0
513,352121000138173,0
514,352120003293901,0
515,352121004043849,0
516,352120001832055,0
517,352120003223905,0
518,352120002234830,1
519,352121004927288,0
520,352120002588127,0
521,352121000240967,0
522,352120000569284,0
523,352120001176304,0
524,352120000516338,0
525,352120000187666,0
526,352120001896920,0
527,352120000011024,0
528,352120000296723,0
529,352120000967844,0
530,352120001317616,0
531,352120000827122,0
532,352120001142084,0
533,352121000306711,0
534,352120002116473,0
535,352120010374128,0
536,352121005968087,0
537,352120010114581,0
538,352120002834330,0
539,352121000728944,1
540,352121201612501,0
541,352121000642513,0
542,352120000423272,1
543,352120010017091,0
544,352120000016311,0
545,352120001048333,0
546,352120010427067,0
547,352120003360048,0
548,352120002206987,0
549,352120002115204,0
550,352120000705015,0
551,352120000348920,0
552,352120003305479,0
553,352120002668526,0
554,352120000489011,0
555,352120002013854,0
556,352121000063190,0
557,352120001937853,0
558,352121000091272,0
559,352120002044265,0
560,352120002226554,0
561,352121000138814,0
562,352120000396110,0
563,352120003548357,0
564,352120001870148,0
565,352120010091832,0
566,352120010563340,0
567,352120001931684,0
568,352120010140208,0
569,352121000189823,0
570,352121004582008,0
571,352120000119703,0
572,352120000731743,0
573,352120000483027,0
574,352120003414645,0
575,352120001164788,1
576,352120002197025,0
577,352120002206203,0
578,352120000312120,0
579,352120001496170,0
580,352120010548547,0
581,352120000507790,0
582,352121000340708,0
583,352120002144140,0
584,352120001312877,0
585,352120000498258,0
586,352120002400284,0
587,352120001591673,0
588,352120000936710,0
589,352120001909693,0
590,352120001488482,0
591,352120002202323,0
592,352120002611044,0
593,352120000647049,0
594,352120003429614,0
595,352120001113121,0
596,352120000794494,0
597,352120003300382,0
598,352120001368728,0
599,352120000919387,0
600,352120001302465,0
601,352121000170777,0
602,352120003304712,0
603,352120000688779,0
604,352120003307166,0
605,352120000386902,0
606,352120001440451,0
607,352120001177224,0
608,352120000798597,0
609,352121000190799,0
610,352120002171273,0
611,352120001922886,0
612,352120000282758,0
613,352120000581480,0
614,352120002172094,0
615,352120002561596,0
616,352120002698428,0
617,352120001392002,0
618,352120002028224,0
619,352121000252876,0
620,352120001424559,0
621,352120001716330,0
622,352120000619828,0
623,352120001217428,0
624,352120001529654,0
625,352120001055074,0
626,352120003277321,0
627,352120000033823,0
628,352120002099666,0
629,352120002140310,0
630,352120000537313,0
631,352121004491526,0
632,352120000137675,0
633,352120001592205,0
634,352120001339803,0
635,352120002960865,0
636,352120000455627,0
637,352120001576281,0
638,352121005612430,0
639,352120000878295,0
640,352120003301719,0
641,352120002053700,0
642,352120001470072,0
643,352120002663502,1
644,352120001941015,0
645,352121000611628,0
646,352120001928410,0
647,352120001387107,0
648,352121000061414,0
649,352120000218111,1
650,352120000061206,0
651,352120000594735,0
652,352121200913331,0
653,352120000586025,0
654,352121001230442,0
655,352120002527577,0
656,352120003290910,0
657,352120000229987,0
658,352120002235167,0
659,352120010517349,0
660,352120010336709,0
661,352120001537780,0
662,352120010174657,0
663,352120000711683,0
664,352121001027672,0
665,352120002535337,0
666,352120000409861,0
667,352120001023047,0
668,352120000363592,0
669,352121203814457,0
670,352121000333786,0
671,352120003020404,0
672,352120002081058,0
673,352120002175349,0
674,352120001353611,0
675,352121005116092,0
676,352120002117390,0
677,352121000492827,1
678,352120003776679,1
679,352120000795162,0
680,352120002460532,1
681,352120001049224,0
682,352120000559735,1
683,352120000204286,0
684,352120001445826,0
685,352120001228096,0
686,352120000902599,0
687,352120002649656,1
688,352120000083166,0
689,352120002272504,0
690,352120000039732,0
691,352120001486477,0
692,352121000274422,0
693,352120002599282,0
694,352120002033257,0
695,352120000886173,0
696,352120002193819,0
697,352120000148615,0
698,352120003228455,0
699,352120001563786,1
700,352120002420840,1
701,352120001403435,1
702,352120002816404,1
703,352120003259413,0
704,352121000688718,0
705,352126000038550,0
706,352120001473511,0
707,352120003201775,0
708,352120002112318,0
709,352120107141946,0
710,352121000455726,0
711,352120000026780,0
712,352120010062498,0
713,352120002740746,0
714,352120001052098,0
715,352120003176619,0
716,352121000175568,0
717,352121001256742,0
718,352121005013345,1
719,352120001362293,0
720,352120001251878,0
721,352120001041634,0
722,352120001027450,0
723,352120002105277,0
724,352120002174909,0
725,352121000954904,0
726,352121205105397,0
727,352120002658530,0
728,352120001389455,0
729,352120000062372,0
730,352120003369165,0
731,352120001882915,0
732,352120000016450,0
733,352120001165859,0
734,352120001580489,0
735,352121000302229,0
736,352120002470396,0
737,352120002475968,0
738,352120002169112,0
739,352120003196585,0
740,352121005677743,1
741,352120001340353,0
742,352120001478264,1
743,352120003313503,0
744,352120001410075,0
745,352120000649329,0
746,352120010125434,0
747,352120003482594,0
748,352120002086324,0
749,352120003410011,0
750,352120003411752,0
751,352120003308737,0
752,352120002829949,0
753,352120000586704,0
754,352120001550038,0
755,352120001488951,0
756,352120002137348,1
757,352120002209054,0
758,352120000823974,0
759,352120003014528,0
760,352120002009862,1
761,352120002606075,0
762,352121001379603,0
763,352120001300747,0
764,352120001261432,0
765,352120001227058,0
766,352120002562372,0
767,352120000149832,0
768,352120000173436,0
769,352120002110852,0
770,352120000320024,0
771,352120010168992,0
772,352120003439721,0
773,352120000582079,0
774,352120001255613,1
775,352120000155800,0
776,352120010074362,0
777,352120000507404,0
778,352120003314203,0
779,352120000015145,0
780,352120001355995,0
781,352120000244538,0
782,352120002733192,0
783,352120003650131,0
784,352120000460122,0
785,352120002280958,0
786,352120001056167,0
787,352120010374531,0
788,352120002424998,0
789,352120002112116,0
790,352120003613563,0
791,352120001962702,0
792,352120002094702,0
793,352121202904764,0
794,352120002158547,0
795,352120001443338,0
796,352120000652172,0
797,352121004446444,1
798,352121000135740,0
799,352120003457585,0
800,352120000734515,0
801,352120000698367,0
802,352120003802945,0
803,352120003700389,0
804,352120000943306,0
805,352120000519170,0
806,352120001997012,1
807,352120003296754,0
808,352120001645604,0
809,352121001049150,0
810,352120000795568,0
811,352120003322637,0
812,352120002207941,0
813,352120010062060,0
814,352120002111055,0
815,352120001626687,0
816,352120000304509,0
817,352120002091503,0
818,352120003430937,0
819,352120001383582,0
820,352120000639528,0
821,352120002406097,0
822,352121000064662,0
823,352120003274101,1
824,352120000682836,0
825,352120003670639,0
826,352120002139935,0
827,352120000308616,0
828,352121000713159,0
829,352120002125771,0
830,352120002602024,0
831,352120003233950,0
832,352121000163344,0
833,352120002745238,0
834,352120002478053,0
835,352120001930867,1
836,352120001728102,0
837,352121005189272,0
838,352121000123260,1
839,352120002127245,0
840,352120002186914,0
841,352120000536096,0
842,352120000798537,0
843,352120003172557,0
844,352120000636006,0
845,352120001935485,0
846,352120002110598,0
847,352121000048802,0
848,352120002182017,0
849,352120002593262,0
850,352120001558112,0
851,352120001314603,0
852,352120001181164,0
853,352120001448202,0
854,352120000396451,0
855,352120107169550,0
856,352120003224946,0
857,352120001987978,0
858,352120010046683,0
859,352120000209602,0
860,352120001447478,0
861,352120001078308,0
862,352120001862844,0
863,352120000671508,0
864,352121000117450,0
865,352120002392887,1
866,352121004783723,0
867,352120001237510,0
868,352120000647646,0
869,352120002697901,0
870,352120002045043,0
871,352120001052905,0
872,352120000375026,0
873,352120002011531,0
874,352120001316879,0
875,352121000180334,0
876,352120001884001,0
877,352120000788380,0
878,352120003314171,0
879,352120001322737,0
880,352120003249121,0
881,352120002838183,0
882,352121206771934,0
883,352121005554975,0
884,352120003563613,1
885,352120002205098,0
886,352120001307851,0
887,352120003605301,0
888,352120001022035,0
889,352120002083995,0
890,352120000191693,0
891,352120001913070,0
892,352120002835160,0
893,352120003805441,0
894,352120000524613,0
895,352120001413258,0
896,352121000556582,0
897,352120002459292,0
898,352120000240508,1
899,352120000622698,0
900,352120002998113,1
901,352120000601455,0
902,352120001111704,0
903,352121000798477,0
904,352120001016259,0
905,352121200842778,0
906,352121005632004,0
907,352120000749572,0
908,352121205726781,0
909,352120002185461,0
910,352120001971867,0
911,352120000506291,0
912,352120000535920,0
913,352120002123663,0
914,352120010135599,0
915,352120000098408,0
916,352120000202603,0
917,352120003578948,1
918,352120010135729,1
919,352120001484352,0
920,352120000157641,1
921,352121000623055,1
922,352120000842880,0
923,352120003395964,0
924,352120002068236,0
925,352120002139498,1
926,352120000651036,1
927,352120002612223,0
928,352128000059086,0
929,352120000316128,0
930,352120107105547,0
931,352120001557252,0
932,352121000385920,1
933,352120003282788,0
934,352120000841986,0
935,352120000982400,1
936,352120001301899,0
937,352120001256216,0
938,352120000251271,0
939,352120000275183,0
940,352120000282773,0
941,352120002530429,0
942,352120003192989,0
943,352121000141016,0
944,352120001864881,0
945,352120010379151,0
946,352120002602843,0
947,352120001417917,0
948,352120001122450,0
949,352120000562651,0
950,352120001311708,0
951,352120001055740,0
952,352120003197234,0
953,352120010429675,0
954,352120001877176,0
955,352120001449043,0
956,352121005678499,1
957,352120003205345,0
958,352120000392151,0
959,352120001325342,0
960,352120001865631,0
961,352120002617159,0
962,352120000069498,0
963,352120000073135,0
964,352120001928053,0
965,352120002194412,0
966,352120003359343,0
967,352128000612780,0
968,352120001557337,0
969,352121000427807,0
970,352120001193866,0
971,352120001470519,0
972,352120000242694,0
973,352120002018397,0
974,352120000589489,0
975,352120003639826,0
976,352120000867040,0
977,352120003345508,0
978,352120001596183,0
979,352120001888934,0
980,352120002218268,0
981,352120000683636,0
982,352120001311867,0
983,352120001874943,0
984,352120001559588,0
985,352120003286194,0
986,352120002169913,0
987,352120001278152,0
988,352120000479388,0
989,352120003799386,0
990,352120000653820,0
991,352120003222834,0
992,352120001090416,0
993,352120001481543,0
994,352120000648253,0
995,352120001225405,0
996,352120003147738,0
997,352120000231232,0
998,352120001690822,0
999,352120001941257,0
1000,352120001242764,0
1001,352120010379364,0
1002,352121001158830,0
1003,352120000757554,0
1004,352120003304118,0
1005,352120000216856,0
1006,352120001234798,0
1007,352120001514312,0
1008,352120000466238,0
1009,352120002049273,0
1010,352120002799028,0
1011,352120001126390,0
1012,352120002165316,0
1013,352120000449798,0
1014,352120002056718,0
1015,352120001027703,0
1016,352120002082917,1
1017,352120001505562,0
1018,352120000868213,0
1019,352120002635873,0
1020,352120003189335,0
1021,352120000871364,0
1022,352120000182506,0
1023,352120000141923,0
1024,352121004336187,0
1025,352120001650217,0
1026,352121000514018,0
1027,352120002763039,0
1028,352120002478768,0
1029,352120010092828,0
1030,352120002576669,0
1031,352128000034063,0
1032,352120002840447,0
1033,352120002766670,0
1034,352120001223022,0
1035,352120002429813,0
1036,352120002209827,0
1037,352120000754141,0
1038,352121000193881,0
1039,352120002758890,0
1040,352120001877811,0
1041,352120001508535,0
1042,352120001021556,0
1043,352120000633536,0
1044,352120000364918,0
1045,352120002389521,0
1046,352120000582781,0
1047,352120002164463,0
1048,352120002500045,0
1049,352120003282378,0
1050,352120002727339,0
1051,352120001372015,0
1052,352120010073759,1
1053,352120001036357,0
1054,352120001923057,0
1055,352121005938388,0
1056,352120001107920,0
1057,352120001370804,0
1058,352120000787995,0
1059,352126000115486,0
1060,352120000549623,0
1061,352120002048572,0
1062,352120002702520,0
1063,352120003605267,0
1064,352120001517056,0
1065,352120010030979,0
1066,352120001284461,0
1067,352120000096713,0
1068,352120000633355,0
1069,352120002025611,0
1070,352121000654064,0
1071,352120003262217,0
1072,352120002438114,0
1073,352121205730346,0
1074,352120000103901,0
1075,352120000012921,1
1076,352120000366381,1
1077,352120002401492,0
1078,352120001856732,0
1079,352120000102648,0
1080,352120002828470,0
1081,352120001919164,0
1082,352120000996899,0
1083,352121004667300,0
1084,352120001965613,0
1085,352120000398209,0
1086,352120001566181,0
1087,352120000262972,0
1088,352120002483954,0
1089,352120000302909,0
1090,352120010018678,0
1091,352120001899960,0
1092,352120000769152,0
1093,352120001690763,0
1094,352120002461961,0
1095,352120001267638,0
1096,352120002460696,0
1097,352120000953279,0
1098,352120003423574,0
1099,352120000993416,0
1100,352120001614529,0
1101,352120001979354,0
1102,352120002094363,0
1103,352120003138196,0
1104,352120001990691,0
1105,352120003253085,0
1106,352120002457523,0
1107,352120001863150,0
1108,352120000444798,0
1109,352121005822173,0
1110,352120003667619,0
1111,352120000753383,0
1112,352120002819268,0
1113,352120003284475,1
1114,352120003098982,0
1115,352121004253750,0
1116,352120002473126,0
1117,352120010557275,0
1118,352120001112664,0
1119,352120000354511,0
1120,352120003358985,0
1121,352121000652814,0
1122,352120002236400,0
1123,352120001277946,0
1124,352120002632867,0
1125,352120001132527,0
1126,352120010380569,0
1127,352120002158736,0
1128,352120002174538,0
1129,352120010210984,0
1130,352120002172894,0
1131,352120001444504,0
1132,352120002184875,0
1133,352120001336402,0
1134,352121203735234,0
1135,352120000637671,0
1136,352120002609339,0
1137,352120000204984,0
1138,352120000098608,0
1139,352120002137816,0
1140,352120000696363,0
1141,352121003944748,0
1142,352120000344566,0
1143,352120001039034,1
1144,352120010564930,0
1145,352120001037542,0
1146,352120001984906,0
1147,352120001028144,0
1148,352120000214146,0
1149,352120010061977,0
1150,352120003482278,0
1151,352120002001718,0
1152,352121000149579,1
1153,352120001741382,0
1154,352120010567158,0
1155,352120003266135,1
1156,352120002235432,0
1157,352120001893393,0
1158,352120003208279,0
1159,352120001897812,0
1160,352121205088890,0
1161,352120002092817,0
1162,352120000381781,0
1163,352120000088461,0
1164,352120000145012,0
1165,352120001055888,0
1166,352120003243039,0
1167,352120010399720,0
1168,352121000642975,0
1169,352120000971233,0
1170,352120001917961,0
1171,352120000320195,0
1172,352120001953863,0
1173,352120003301117,0
1174,352120000598792,0
1175,352121205965132,0
1176,352120000572014,0
1177,352120001145790,0
1178,352120000459698,0
1179,352120001191352,0
1180,352120000661934,0
1181,352121204356485,0
1182,352121207645625,0
1183,352120003474119,0
1184,352121000408146,1
1185,352120003575140,0
1186,352120001952295,0
1187,352120000829274,0
1188,352120000496514,0
1189,352120002210238,0
1190,352120000510639,0
1191,352121003928524,0
1192,352120000206529,0
1193,352120001022698,0
1194,352120002214961,0
1195,352120001873394,0
1196,352120001910073,0
1197,352120000164995,0
1198,352121000077947,0
1199,352120001309928,0
1200,352121000427076,1
1201,352121004103456,0
1202,352120001901881,0
1203,352121005509597,0
1204,352120000452362,0
1205,352120002050804,1
1206,352120003756931,0
1207,352121201133698,0
1208,352120000625259,0
1209,352120002831908,0
1210,352120000340896,1
1211,352120002419856,0
1212,352121003908912,0
1213,352120000649107,1
1214,352120002161912,0
1215,352120002794549,1
1216,352120003186714,0
1217,352120010120280,1
1218,352120010124950,0
1219,352121005177183,0
1220,352121201780249,0
1221,352120002081503,0
1222,352120002500020,0
1223,352121004209748,0
1224,352120000505428,0
1225,352121000081733,1
1226,352120001086166,1
1227,352120002066754,0
1228,352120010235128,0
1229,352120001365263,0
1230,352120003310053,0
1231,352121000662046,1
1232,352121100454084,0
1233,352128000174531,0
1234,352120003029651,0
1235,352120003210576,0
1236,352120000992025,0
1237,352120002817837,0
1238,352120002393410,0
1239,352120000640496,0
1240,352128000363104,1
1241,352120000366083,0
1242,352120003642296,0
1243,352120002217870,0
1244,352121203419476,0
1245,352120002122149,0
1246,352120001457386,0
1247,352120107164710,1
1248,352120001373050,0
1249,352120001666087,0
1250,352120002844295,0
1251,352120000475307,0
1252,352120003314727,0
1253,352121200498870,1
1254,352120002522849,0
1255,352120003298424,0
1256,352120001879758,0
1257,352120001129042,0
1258,352120002449752,0
1259,352120002127364,0
1260,352120003667372,1
1261,352120000112026,0
1262,352120000610037,0
1263,352120000714296,0
1264,352120001851727,0
1265,352120000482173,0
1266,352120000152340,0
1267,352120002900452,1
1268,352120002223020,0
1269,352120000401186,0
1270,352120001850156,0
1271,352120002713736,0
1272,352120002198249,0
1273,352120003779730,0
1274,352120000648033,0
1275,352120000205624,0
1276,352120001881083,0
1277,352120003515913,0
1278,352120001218886,0
1279,352120000174972,0
1280,352120000569806,0
1281,352120000593942,0
1282,352120002609617,0
1283,352120002000114,0
1284,352120000788716,0
1285,352120002501195,0
1286,352120010116360,0
1287,352120001723465,0
1288,352120000538790,0
1289,352120001375720,1
1290,352120002412215,0
1291,352120002478116,0
1292,352120003651957,0
1293,352120001922591,0
1294,352120002052458,0
1295,352120010421317,0
1296,352120002483600,1
1297,352120001360457,0
1298,352120000638242,0
1299,352121000088916,0
1300,352120000083945,0
1301,352120001246498,0
1302,352121001250950,0
1303,352120000380596,0
1304,352120002534502,0
1305,352120000537195,0
1306,352120001087950,0
1307,352120000056161,1
1308,352121000306141,0
1309,352120003207600,0
1310,352120003177782,0
1311,352120001971470,0
1312,352120003360176,0
1313,352120002164694,0
1314,352120001356545,0
1315,352120000865634,0
1316,352120000168397,1
1317,352120002213038,0
1318,352120001325884,0
1319,352120002065235,0
1320,352120002125236,0
1321,352120000633729,0
1322,352120002195207,0
1323,352120001002583,0
1324,352120000070966,0
1325,352120001303320,0
1326,352120001959109,0
1327,352120000121874,0
1328,352121000150016,0
1329,352120001361217,0
1330,352120001019056,0
1331,352120002049357,0
1332,352120001724183,0
1333,352120000996567,0
1334,352120003445231,0
1335,352120001927224,0
1336,352120002060272,0
1337,352120010554802,0
1338,352120000131090,0
1339,352120002016922,0
1340,352120002207947,0
1341,352120001410253,0
1342,352120000230093,0
1343,352120000696972,0
1344,352120001887648,0
1345,352120001962399,0
1346,352120002774110,0
1347,352120001305067,0
1348,352120001635050,0
1349,352120000744933,0
1350,352120001618160,0
1351,352120000425038,0
1352,352120010171744,0
1353,352120000752921,0
1354,352120001395193,0
1355,352120001331712,0
1356,352120002887604,0
1357,352120000492916,0
1358,352120000636823,0
1359,352121005069416,0
1360,352120000082374,0
1361,352120002203081,1
1362,352120002275515,0
1363,352120001996929,0
1364,352120000974898,0
1365,352120000786918,0
1366,352120000662479,0
1367,352120002734922,0
1368,352120003302958,0
1369,352120003310537,0
1370,352120001491119,0
1371,352120002697814,1
1372,352120002405198,0
1373,352121201861111,0
1374,352121205894813,1
1375,352120010575807,0
1376,352120001754969,0
1377,352120000705109,0
1378,352120010113892,0
1379,352120002223552,0
1380,352128000013854,0
1381,352120001972420,0
1382,352120001053584,0
1383,352120002495742,0
1384,352120003467568,0
1385,352120001084896,0
1386,352120000478047,0
1387,352120000619215,0
1388,352120000425052,0
1389,352120002402153,0
1390,352120000696964,0
1391,352120003476337,0
1392,352120000174769,0
1393,352120000846623,0
1394,352120001954326,0
1395,352120000687811,0
1396,352120010522334,0
1397,352120001549208,0
1398,352120001645876,0
1399,352120000875268,0
1400,352120000442253,0
1401,352121000474733,0
1402,352120003250601,0
1403,352120002843225,0
1404,352121000176767,0
1405,352120000176559,0
1406,352120000369464,0
1407,352120002443972,0
1408,352120002914523,0
1409,352120001532978,1
1410,352120003481837,0
1411,352120003263656,0
1412,352120000624410,0
1413,352120002440331,0
1414,352120000459084,0
1415,352120001811784,0
1416,352120000719511,0
1417,352120003363868,0
1418,352120003805077,0
1419,352120003256804,0
1420,352120002824421,0
1421,352120000331075,0
1422,352120002606196,0
1423,352120002760820,0
1424,352120001502642,0
1425,352120003605483,0
1426,352120002038283,0
1427,352120002574702,0
1428,352120002414286,0
1429,352120000526690,0
1430,352120001030252,0
1431,352120001494472,0
1432,352120001391812,0
1433,352120002045083,0
1434,352120000795150,0
1435,352120002451221,0
1436,352120000347199,0
1437,352120002049138,0
1438,352120000333716,0
1439,352120001411978,0
1440,352120001586981,0
1441,352120001487107,0
1442,352120002580672,0
1443,352120000117383,0
1444,352120002219699,1
1445,352120000150000,0
1446,352120001802859,0
1447,352121001260266,0
1448,352121202587362,0
1449,352120001448836,0
1450,352121005263801,0
1451,352120000135787,0
1452,352120001316690,0
1453,352120003480003,0
1454,352120000890489,0
1455,352120010093613,0
1456,352120001896595,0
1457,352121208444407,0
1458,352121001148938,0
1459,352120003369700,0
1460,352120000485171,0
1461,352120000186813,0
1462,352120000403187,0
1463,352120000579947,0
1464,352120002399768,0
1465,352120000686631,0
1466,352120000831870,0
1467,352120010009360,0
1468,352120002549843,0
1469,352120002123182,0
1470,352120003761894,0
1471,352120001177384,0
1472,352121204499852,0
1473,352121203219474,0
1474,352120003762224,0
1475,352120000530041,0
1476,352121000133930,0
1477,352120000036950,0
1478,352120010052185,0
1479,352120000873366,0
1480,352120010122999,0
1481,352128000006193,0
1482,352120002099534,0
1483,352120002541535,0
1484,352120001379793,0
1485,352120000791459,1
1486,352120002085650,0
1487,352120000596104,0
1488,352120001722491,0
1489,352120001690405,0
1490,352120001941878,0
1491,352120002893994,0
1492,352120002829951,0
1493,352121000717540,0
1494,352120003565716,0
1495,352120002535904,0
1496,352121205044004,0
1497,352120000140389,0
1498,352120003698406,0
1499,352120000229696,0
1500,352120002492593,0
1501,352120010007427,0
1502,352120000815134,0
1503,352120003217451,0
1504,352121001056852,0
1505,352120003505882,0
1506,352120001955069,0
1507,352120000127358,0
1508,352120002849011,0
1509,352120002852492,0
1510,352120003310480,0
1511,352120000690472,0
1512,352120002820769,0
1513,352120001834789,0
1514,352120000790239,0
1515,352120000745327,0
1516,352120001008625,0
1517,352120000899668,0
1518,352120000160901,0
1519,352120003130649,0
1520,352120001925206,0
1521,352120000480869,0
1522,352120001890977,0
1523,352120000025155,0
1524,352120001791390,0
1525,352121000461964,0
1526,352121004651171,0
1527,352120000333795,0
1528,352120000190117,0
1529,352120001934190,0
1530,352120003615569,0
1531,352120000263124,0
1532,352120000982068,0
1533,352120001889273,0
1534,352120000076229,0
1535,352120002220785,1
1536,352121204356566,1
1537,352120003734852,0
1538,352120001994989,0
1539,352120000242642,0
1540,352120000873017,0
1541,352120002914355,0
1542,352120002097261,0
1543,352120001505835,0
1544,352120000868665,0
1545,352120000616616,0
1546,352120001103799,0
1547,352120001901062,0
1548,352120010334403,0
1549,352121001048810,0
1550,352120001547473,0
1551,352120003281711,0
1552,352120000172051,0
1553,352120003218303,0
1554,352120001983044,0
1555,352120000491327,0
1556,352120001245275,0
1557,352120000475834,0
1558,352121000890698,0
1559,352120001896136,0
1560,352120001581634,0
1561,352120001929875,0
1562,352121205934289,0
1563,352120001964567,0
1564,352120002578160,0
1565,352120000832824,0
1566,352121000392278,0
1567,352120002226846,0
1568,352120000467405,0
1569,352120010550237,0
1570,352120000982539,1
1571,352120010427903,0
1572,352120001287654,1
1573,352120003308864,0
1574,352120000612566,0
1575,352120003003233,0
1576,352120002046910,0
1577,352121001174216,0
1578,352120001938426,0
1579,352120003342990,0
1580,352120002395213,0
1581,352120001286323,0
1582,352120002704152,0
1583,352120001020862,0
1584,352120002808781,0
1585,352121001055047,0
1586,352120001226695,0
1587,352120000755143,0
1588,352121004777948,0
1589,352120000757056,0
1590,352120000137311,0
1591,352121000414298,0
1592,352120002769808,0
1593,352121000563718,0
1594,352120002025992,0
1595,352120000732986,0
1596,352120000028009,0
1597,352120001143563,0
1598,352120000819529,1
1599,352128000014344,0
1600,352121000052388,0
1601,352120002712273,0
1602,352120000313079,0
1603,352121005030689,0
1604,352120002531782,0
1605,352120003274872,0
1606,352120010348819,0
1607,352120000697721,0
1608,352120001764458,0
1609,352120002111030,0
1610,352120010212215,0
1611,352120002290950,0
1612,352120010207171,0
1613,352121000238352,0
1614,352121005481838,0
1615,352121205966960,0
1616,352120000186244,0
1617,352120000547546,0
1618,352120000698467,0
1619,352120001738444,0
1620,352120010075924,0
1621,352120001292407,0
1622,352121208857586,0
1623,352120010428577,0
1624,352126000176699,0
1625,352120002438982,0
1626,352120002703715,0
1627,352120002479643,0
1628,352120010047608,0
1629,352120002464973,0
1630,352120003172552,0
1631,352120001296222,0
1632,352120001262532,0
1633,352120001723708,0
1634,352120002460899,0
1635,352121000242526,0
1636,352120000878095,0
1637,352120000641545,0
1638,352120000793715,0
1639,352120001554242,0
1640,352121004111786,1
1641,352120001593883,0
1642,352120002816973,0
1643,352120000332406,0
1644,352120003208854,1
1645,352120003323813,0
1646,352120003311141,0
1647,352121000708962,0
1648,352120001272235,0
1649,352120003231261,0
1650,352120001595803,0
1651,352120003550389,0
1652,352120002207684,0
1653,352120000579179,0
1654,352120000935630,0
1655,352121000776568,0
1656,352120000772556,0
1657,352120001501156,0
1658,352120000315648,0
1659,352120001449777,0
1660,352120107143834,0
1661,352120001053666,0
1662,352120001413855,0
1663,352120000623073,0
1664,352120000731031,0
1665,352120000175085,0
1666,352120010076573,0
1667,352120002475131,0
1668,352120001299730,0
1669,352121000442131,0
1670,352121000240630,0
1671,352120003268051,0
1672,352120001484912,0
1673,352120001567114,0
1674,352120001572240,0
1675,352120002049183,0
1676,352128000490468,0
1677,352120001132281,0
1678,352120003358218,0
1679,352120000129571,0
1680,352120001550343,0
1681,352120000577861,0
1682,352120002479901,0
1683,352120000547746,0
1684,352121001004010,0
1685,352120000549235,0
1686,352120001996155,0
1687,352120001363171,0
1688,352120000786354,0
1689,352120000571398,0
1690,352120000363853,0
1691,352120010409571,0
1692,352120001347246,0
1693,352120001234399,0
1694,352120001884410,0
1695,352120003275027,0
1696,352121001172840,0
1697,352120002218418,0
1698,352120002572810,0
1699,352120002469555,0
1700,352120001624605,0
1701,352120000469457,0
1702,352120001911687,0
1703,352120001466664,0
1704,352120002169683,0
1705,352120003608153,0
1706,352121005682864,0
1707,352120010008517,0
1708,352128000562106,0
1709,352120002589141,0
1710,352121000430371,0
1711,352120003470217,0
1712,352120003610071,0
1713,352120003570311,0
1714,352120000446604,0
1715,352120002918880,0
1716,352120002298859,0
1717,352120000584577,0
1718,352120002236579,0
1719,352120001853842,0
1720,352120002664377,0
1721,352120002408839,0
1722,352120000091199,0
1723,352120001902102,0
1724,352120000697659,0
1725,352120010556363,0
1726,352120002484740,0
1727,352120002497533,0
1728,352120002150944,0
1729,352120000984107,0
1730,352120000489530,0
1731,352120000573354,0
1732,352120001490898,0
1733,352120002501170,0
1734,352120003311899,0
1735,352120002436771,0
1736,352120001294372,0
1737,352120001437316,0
1738,352120010009546,0
1739,352120010091494,0
1740,352120000492358,0
1741,352120002019931,0
1742,352120001033879,0
1743,352120001428204,0
1744,352120010036406,0
1745,352120002043444,0
1746,352120010113150,0
1747,352120003639470,0
1748,352120003419841,0
1749,352121001231596,0
1750,352120000799285,0
1751,352120000590591,0
1752,352120000875286,0
1753,352120001986031,0
1754,352126002515982,0
1755,352120003244055,0
1756,352120010048460,0
1757,352121000197465,0
1758,352128000301164,0
1759,352120002828578,0
1760,352120002455794,0
1761,352120002200606,0
1762,352120000005123,0
1763,352120000645552,0
1764,352120002213019,0
1765,352120000552404,0
1766,352120000234840,0
1767,352120002795370,0
1768,352120003648800,0
1769,352120000738391,0
1770,352120001970138,0
1771,352120000886826,0
1772,352120003328090,0
1773,352120002158343,0
1774,352120000516274,0
1775,352120000613798,0
1776,352120000872144,0
1777,352120000600781,0
1778,352120001177309,0
1779,352120000187692,0
1780,352120000410937,0
1781,352120003319956,0
1782,352120000547228,0
1783,352120002847997,0
1784,352121000103046,0
1785,352120001372788,0
1786,352120000308485,0
1787,352120000982870,0
1788,352120001928844,0
1789,352120000091981,0
1790,352121000134715,0
1791,352120001372195,0
1792,352120000643300,0
1793,352120003563108,0
1794,352120001511535,0
1795,352121000494569,0
1796,352120001246791,0
1797,352120002395543,1
1798,352120001467788,1
1799,352121004963244,0
1800,352121000450464,0
1801,352120002608012,0
1802,352121000093603,0
1803,352120002578026,0
1804,352120000483573,0
1805,352120001813866,0
1806,352120003456642,0
1807,352120001902113,0
1808,352120002612787,0
1809,352120000381900,0
1810,352120003326944,0
1811,352120002769248,0
1812,352120003209376,0
1813,352120010542488,0
1814,352120010083622,0
1815,352120002083088,0
1816,352120000512548,0
1817,352120003290704,0
1818,352120000715231,0
1819,352120002543201,0
1820,352121207947150,0
1821,352120107170288,0
1822,352120002465926,0
1823,352120000609557,0
1824,352120000831044,0
1825,352120000701688,0
1826,352120003348398,0
1827,352120003606956,0
1828,352120002096271,0
1829,352120003375257,0
1830,352120010380318,0
1831,352120003296176,0
1832,352120001248458,0
1833,352120000529745,0
1834,352120003240572,0
1835,352120001458328,0
1836,352120001897659,0
1837,352120003712637,0
1838,352120000024124,0
1839,352120001505443,0
1840,352120003615412,0
1841,352120001564641,0
1842,352120001455437,0
1843,352120002442820,0
1844,352121000297833,0
1845,352121000078232,0
1846,352120000491165,0
1847,352120001501640,0
1848,352120010142974,0
1849,352120003707297,0
1850,352120003280257,0
1851,352120001937486,0
1852,352120000086524,0
1853,352120010356539,0
1854,352120000774085,0
1855,352120003263822,0
1856,352120001544854,0
1857,352120002402732,0
1858,352121204653288,0
1859,352120000319324,0
1860,352120000886328,0
1861,352120000674679,0
1862,352120002793473,0
1863,352120001532412,0
1864,352120000632409,0
1865,352120002533687,0
1866,352120002119322,0
1867,352120000451886,0
1868,352120001922424,0
1869,352121003983934,0
1870,352120002149002,0
1871,352120001241808,0
1872,352120003621325,0
1873,352120001576903,0
1874,352120002200164,0
1875,352120000462210,0
1876,352120000628049,0
1877,352120002092950,0
1878,352120001506751,0
1879,352120000932545,0
1880,352120000478518,0
1881,352120010011698,0
1882,352120001318534,0
1883,352120000316109,0
1884,352121004710482,0
1885,352120000330706,0
1886,352120002833821,0
1887,352120000095109,0
1888,352120000122706,0
1889,352121004306686,1
1890,352120000375330,0
1891,352120001311700,0
1892,352120001325962,0
1893,352120003245795,0
1894,352120001019059,0
1895,352121001288302,0
1896,352120003339587,0
1897,352120001291597,0
1898,352120010367829,0
1899,352120001353995,0
1900,352120000912969,0
1901,352120000464481,0
1902,352120001968340,0
1903,352120000606314,0
1904,352120001197066,0
1905,352128000533965,0
1906,352121000102716,0
1907,352120001570660,0
1908,352121000828573,0
1909,352120000978340,0
1910,352121001236830,0
1911,352120001528263,0
1912,352121004681972,0
1913,352120000873097,0
1914,352120002476304,0
1915,352120002155783,0
1916,352120002107514,0
1917,352121001242761,0
1918,352120000553196,0
1919,352120001430278,0
1920,352120001888113,0
1921,352120000972729,1
1922,352120000196475,0
1923,352120000340663,0
1924,352120000113542,0
1925,352120003475931,0
1926,352121000112076,0
1927,352120000783651,0
1928,352120002209761,0
1929,352120003761625,0
1930,352120002448645,1
1931,352120000059486,0
1932,352120001997222,0
1933,352121004149395,0
1934,352120001182762,0
1935,352120003343787,0
1936,352120003432059,0
1937,352120000085298,0
1938,352120001463877,0
1939,352120000248915,0
1940,352120010416732,0
1941,352120002160049,0
1942,352120010112947,0
1943,352120000153461,0
1944,352120002471180,0
1945,352120000854370,0
1946,352120010201382,0
1947,352120000245355,0
1948,352120001029610,0
1949,352120000329227,0
1950,352120000621059,0
1951,352120001796118,0
1952,352120001415157,0
1953,352120010360102,0
1954,352120010415634,0
1955,352120002800462,0
1956,352120002495137,0
1957,352120003171960,0
1958,352120003263302,0
1959,352120002138353,1
1960,352120002210499,0
1961,352120002069023,0
1962,352120000648611,0
1963,352120001283902,0
1964,352120003369974,0
1965,352120001048560,0
1966,352120000712765,0
1967,352120000635480,0
1968,352120003715578,0
1969,352121000323683,0
1970,352120003306082,0
1971,352120003359632,0
1972,352120001108883,0
1973,352120000107030,0
1974,352120002834850,0
1975,352120010166609,1
1976,352121000139010,0
1977,352120002637088,0
1978,352120003022121,0
1979,352128000009858,0
1980,352120001892086,0
1981,352120010032027,0
1982,352128000027691,0
1983,352120010356231,0
1984,352120000068248,0
1985,352121204139681,0
1986,352120002136427,0
1987,352120001985134,0
1988,352120003243671,0
1989,352120002442763,0
1990,352121005491845,1
1991,352120001373871,1
1992,352120003507450,0
1993,352120003307911,0
1994,352121004091146,0
1995,352121204471647,0
1996,352120002055978,1
1997,352120000506042,0
1998,352121001395106,0
1999,352120003576923,0
2000,352120000645377,0
2001,352120002646783,0
2002,352120002065238,0
2003,352120001866321,0
2004,352120003603617,0
2005,352120001016822,0
2006,352120000970285,0
2007,352120000738837,0
2008,352120002484267,0
2009,352120002702759,0
2010,352120003378402,0
2011,352120000632080,0
2012,352120000689296,1
2013,352120001049995,0
2014,352121205104383,0
2015,352120000324348,0
2016,352120000596015,1
2017,352120002076720,0
2018,352120000889699,0
2019,352120000454846,1
2020,352120001455598,0
2021,352120010008481,0
2022,352120001556355,0
2023,352120003350119,0
2024,352120000895833,0
2025,352120000509935,0
2026,352120001547102,0
2027,352120002091481,0
2028,352120010326879,0
2029,352120000070522,0
2030,352121204695356,0
2031,352120010161029,0
2032,352120002809284,0
2033,352120001464756,0
2034,352120003587083,0
2035,352120002622193,0
2036,352120002864543,0
2037,352121000083394,0
2038,352120001760689,0
2039,352120001029323,0
2040,352120000016244,0
2041,352120002131251,0
2042,352120003622091,0
2043,352121004900867,0
2044,352120002004300,0
2045,352120001218280,0
2046,352120002097714,0
2047,352120000261689,0
2048,352120003657705,0
2049,352120000271899,0
2050,352120000270769,0
2051,352120000686316,0
2052,352121000662535,0
2053,352120000580836,0
2054,352120001495934,0
2055,352120000572846,0
2056,352120000544414,0
2057,352120010171956,0
2058,352120000564622,0
2059,352121000633445,0
2060,352120001990958,0
2061,352120002885196,0
2062,352120001910340,0
2063,352120000929498,0
2064,352120002755867,0
2065,352120002526472,0
2066,352120001373174,0
2067,352121000253489,0
2068,352120001029328,0
2069,352120002761253,0
2070,352121205206690,0
2071,352120003801833,0
2072,352120000676379,0
2073,352120003473983,0
2074,352120000377756,0
2075,352120010393730,0
2076,352120002125729,0
2077,352120000807591,0
2078,352120000268333,0
2079,352120000791098,0
2080,352120003525213,0
2081,352120002218702,0
2082,352120000819528,0
2083,352120001868048,0
2084,352120003379832,0
2085,352120002958290,0
2086,352120010028511,0
2087,352120001334011,0
2088,352121000050903,0
2089,352120000518910,0
2090,352120001956421,0
2091,352120002946824,0
2092,352120003664534,0
2093,352120000965457,0
2094,352120003202515,0
2095,352121000726296,0
2096,352120002825662,0
2097,352120000303052,0
2098,352120003351830,0
2099,352120000495998,0
2100,352120000790940,0
2101,352120002165880,0
2102,352120001324089,0
2103,352120002857162,0
2104,352120001869008,0
2105,352120002784469,0
2106,352120002144018,1
2107,352120000018706,0
2108,352120002096572,0
2109,352120000160398,0
2110,352120001242712,0
2111,352120000205584,0
2112,352120003358024,0
2113,352120000433656,0
2114,352120000789745,0
2115,352120000233269,0
2116,352120000709067,0
2117,352121004281408,0
2118,352120000896407,0
2119,352120002589113,0
2120,352120003555828,0
2121,352120002075372,0
2122,352121001255202,0
2123,352120002196738,0
2124,352120003530891,0
2125,352120000453330,0
2126,352120003441110,0
2127,352120001439408,0
2128,352120002159238,0
2129,352120000517333,0
2130,352120002287647,0
2131,352120000313538,0
2132,352120002626098,0
2133,352120000075109,0
2134,352120001038100,0
2135,352120003799029,0
2136,352120001863772,0
2137,352120001421024,0
2138,352120001505096,1
2139,352120002131980,1
2140,352120003302561,0
2141,352120002530881,0
2142,352120003576367,0
2143,352120003257473,0
2144,352120001448515,0
2145,352120003322191,0
2146,352120001002664,0
2147,352120001274137,0
2148,352120000984455,0
2149,352120010401004,0
2150,352121004321161,0
2151,352120001128694,0
2152,352120001596280,0
2153,352121000057349,1
2154,352120000489585,0
2155,352120000622866,0
2156,352120002123897,0
2157,352120000320794,0
2158,352120003327764,0
2159,352120002575153,0
2160,352120000383264,0
2161,352120000871451,0
2162,352120003303820,0
2163,352120002706979,0
2164,352120010114597,0
2165,352120002077168,0
2166,352120000714351,0
2167,352120010110563,0
2168,352121203503744,0
2169,352120000095281,0
2170,352120002054310,0
2171,352120002603358,0
2172,352121206515193,0
2173,352120000417712,0
2174,352120003291811,0
2175,352120000830582,0
2176,352120010111556,0
2177,352120001656154,0
2178,352120001316985,0
2179,352120000102235,0
2180,352120002727415,1
2181,352120002052464,0
2182,352120000150644,0
2183,352120000305989,0
2184,352120000889944,0
2185,352120000918742,0
2186,352120010093373,0
2187,352120000568511,0
2188,352120002165452,0
2189,352120002210828,0
2190,352120003575594,0
2191,352120002938702,0
2192,352120001400818,0
2193,352121201758677,0
2194,352120002209259,0
2195,352121205103291,0
2196,352120000878172,0
2197,352120003430783,0
2198,352120002847754,0
2199,352120010210943,0
2200,352120001192028,0
2201,352120000270916,0
2202,352120000711727,0
2203,352120003345179,0
2204,352120003306212,0
2205,352120001023685,0
2206,352120000366396,0
2207,352120003516026,0
2208,352120001524433,0
2209,352120001437639,0
2210,352121000533503,0
2211,352120010138637,0
2212,352120000841510,0
2213,352120003779899,0
2214,352120001879158,0
2215,352121001392463,0
2216,352120001182547,0
2217,352121000114123,0
2218,352120000319321,0
2219,352120002483766,0
2220,352120001941848,0
2221,352120002227688,0
2222,352120002135814,0
2223,352121000390591,0
2224,352120001192939,0
2225,352120003419780,0
2226,352121000290369,0
2227,352120003360964,0
2228,352120002068079,0
2229,352120003664535,0
2230,352120000790706,0
2231,352120001550365,0
2232,352121000126583,0
2233,352120002534845,0
2234,352120003254776,0
2235,352121000686826,0
2236,352120002791528,0
2237,352120000173654,0
2238,352120000338166,1
2239,352120010083655,0
2240,352120000720899,0
2241,352121206582873,0
2242,352120001522488,0
2243,352120000480095,0
2244,352120000461997,0
2245,352120002704215,0
2246,352120000148788,0
2247,352120000388226,0
2248,352120001687343,0
2249,352121203242428,0
2250,352120002016112,0
2251,352120001183120,0
2252,352120001251637,0
2253,352120010571662,0
2254,352121000332314,0
2255,352120001288971,0
2256,352120003223465,0
2257,352120003357994,0
2258,352120000883603,0
2259,352120001993341,0
2260,352120000422216,0
2261,352121000569567,0
2262,352120001542182,0
2263,352120000783500,0
2264,352120002765026,0
2265,352120000597197,0
2266,352120003638014,0
2267,352120001271694,0
2268,352120002867468,0
2269,352120000343392,0
2270,352120010001117,0
2271,352120001169509,0
2272,352121000274374,0
2273,352121201738760,0
2274,352120001867221,0
2275,352120001417892,0
2276,352120000975136,0
2277,352120001494781,0
2278,352120001532369,0
2279,352120002443267,0
2280,352120001605851,0
2281,352120000531965,0
2282,352120001029254,0
2283,352121004799829,0
2284,352120002550192,0
2285,352120003021719,0
2286,352120001104320,0
2287,352120003653806,0
2288,352120001972575,0
2289,352120001319610,0
2290,352120010541707,0
2291,352120000242389,0
2292,352120002533558,0
2293,352120002186754,0
2294,352120002230908,0
2295,352120002812227,0
2296,352120000549761,0
2297,352120000802450,0
2298,352120002756553,0
2299,352121000066914,0
2300,352120000566870,0
2301,352120002128452,0
2302,352120010034626,0
2303,352120000662287,0
2304,352120010226514,0
2305,352120001223616,0
2306,352120003172178,0
2307,352120000322636,0
2308,352121004275564,0
2309,352120003672946,0
2310,352120001333558,0
2311,352120003099284,0
2312,352120000961247,0
2313,352120010417671,0
2314,352120001907587,0
2315,352121206806367,0
2316,352120002227174,0
2317,352120001550647,0
2318,352120003181067,0
2319,352120000589770,0
2320,352120000266928,0
2321,352120000892016,0
2322,352120001946725,0
2323,352121000651284,0
2324,352120002116922,0
2325,352120001183717,0
2326,352120000824419,0
2327,352120002389654,0
2328,352120002162720,0
2329,352120003323988,0
2330,352120001017988,0
2331,352120000873354,0
2332,352120001978100,0
2333,352120001414855,0
2334,352120002436838,0
2335,352120002803161,0
2336,352120000123479,0
2337,352120002118379,0
2338,352120002111135,0
2339,352120001855880,0
2340,352120001869973,0
2341,352120000534009,0
2342,352120002839094,0
2343,352120002709096,0
2344,352120010374624,0
2345,352120002217595,0
2346,352120000708395,0
2347,352121204704358,0
2348,352120000718701,0
2349,352120003379026,0
2350,352120001293699,0
2351,352120001907201,0
2352,352120000065277,0
2353,352120002116391,0
2354,352120000674670,0
2355,352120000954723,1
2356,352120001607616,0
2357,352120000115084,0
2358,352121201325603,0
2359,352120000668191,0
2360,352120000075993,0
2361,352120003409473,0
2362,352120000855015,0
2363,352120001300901,0
2364,352120001887751,0
2365,352120000732620,0
2366,352120002762579,0
2367,352120000096839,0
2368,352120000240073,0
2369,352120003242354,0
2370,352120002401905,0
2371,352120003756056,0
2372,352120010029767,0
2373,352120010343436,0
2374,352120001109897,0
2375,352120003485162,0
2376,352120001636652,0
2377,352120001977108,0
2378,352120000661547,0
2379,352120000395485,0
2380,352120002188967,0
2381,352120003464644,0
2382,352120001025471,0
2383,352120000481588,0
2384,352128000192539,0
2385,352120001922371,0
2386,352120000063087,0
2387,352120002431201,0
2388,352120002606395,0
2389,352121004652478,0
2390,352120001225721,0
2391,352120000347057,0
2392,352120002224412,0
2393,352120002415370,0
2394,352120003472638,0
2395,352120002734438,0
2396,352120000577863,0
2397,352120000486034,0
2398,352120000095010,0
2399,352120002708903,0
2400,352121000499687,0
2401,352120003199276,0
2402,352120000789210,0
2403,352120001298901,0
2404,352120000806389,0
2405,352120000155086,0
2406,352120002544796,0
2407,352121000157298,0
2408,352120003364715,0
2409,352120000915324,0
2410,352120000602560,0
2411,352121204924433,0
2412,352120107118007,0
2413,352120000162979,0
2414,352120000416151,0
2415,352120002446916,1
2416,352120000490390,0
2417,352120001900219,0
2418,352120002420350,0
2419,352120003553322,0
2420,352120001623155,0
2421,352120000049366,0
2422,352120002189033,0
2423,352121203642037,0
2424,352120001359496,0
2425,352120010021738,0
2426,352120002664621,0
2427,352120003362053,0
2428,352121000174408,0
2429,352120000390709,0
2430,352120001955867,0
2431,352120003670577,1
2432,352120002023796,0
2433,352120010151224,0
2434,352120001997089,0
2435,352120000318241,0
2436,352120010201623,0
2437,352120002126137,0
2438,352120002541436,0
2439,352120001340847,0
2440,352120000833413,0
2441,352120010170828,0
2442,352121005865393,0
2443,352120001500610,0
2444,352121000093066,0
2445,352120001323862,0
2446,352121200856565,0
2447,352120003134041,0
2448,352120000157043,0
2449,352120003293519,0
2450,352120000349031,0
2451,352120002293388,0
2452,352120001235700,0
2453,352121205073680,0
2454,352120002119667,0
2455,352120002902901,0
2456,352120010374303,0
2457,352120000987073,0
2458,352120001278673,0
2459,352120002647400,0
2460,352120000539832,0
2461,352120001317625,0
2462,352126001976348,0
2463,352120003711526,0
2464,352121203522811,0
2465,352120003329604,0
2466,352120003615047,0
2467,352120001042688,0
2468,352120002019246,0
2469,352120000344270,0
2470,352120001616710,0
2471,352120001020090,0
2472,352120000741871,0
2473,352120001969419,0
2474,352120001471141,0
2475,352120000317116,0
2476,352120003573910,0
2477,352120001131686,0
2478,352120000597415,0
2479,352120002107898,0
2480,352120002438597,0
2481,352120002961391,0
2482,352120000508164,0
2483,352120000591155,0
2484,352120000873338,0
2485,352120003293175,0
2486,352121000105164,0
2487,352120003321554,0
2488,352120000960912,0
2489,352120000014708,0
2490,352120010001809,0
2491,352120001117016,0
2492,352120002793304,0
2493,352120002308064,0
2494,352120003431109,0
2495,352120001264821,0
2496,352120000867421,0
2497,352121000353195,0
2498,352120000964719,0
2499,352120002834819,0
2500,352120001231407,0
2501,352120010413358,0
2502,352120001319135,0
2503,352121000098477,0
2504,352120000149267,0
2505,352120001938391,0
2506,352121004039448,0
2507,352120001442678,0
2508,352120003296534,0
2509,352120002186693,0
2510,352120000622102,0
2511,352120001782326,0
2512,352120002985572,0
2513,352120000089791,0
2514,352121003865497,0
2515,352120010093411,0
2516,352120002437146,0
2517,352120003395425,0
2518,352121204627936,0
2519,352120010017816,0
2520,352120000149849,0
2521,352120002523469,0
2522,352120003579233,0
2523,352120000729697,0
2524,352120001609296,0
2525,352120002722246,0
2526,352120003295408,0
2527,352120001460235,0
2528,352120001287509,0
2529,352121205962410,0
2530,352120000752934,0
2531,352120001314735,0
2532,352120001368702,0
2533,352120002202079,0
2534,352120000585829,0
2535,352120002408576,0
2536,352120001173312,0
2537,352120001909454,0
2538,352120001524139,0
2539,352120010209773,0
2540,352120001307651,0
2541,352120000796998,0
2542,352120002759558,0
2543,352120002088676,0
2544,352120000546240,0
2545,352120000507979,0
2546,352120001372744,0
2547,352120002844838,0
2548,352120002838661,0
2549,352120107160898,0
2550,352121000743880,0
2551,352120000591943,0
2552,352120001865861,0
2553,352120001464153,0
2554,352120010057697,0
2555,352120001848225,0
2556,352121004166826,1
2557,352120002399795,0
2558,352120010212536,0
2559,352120001873356,0
2560,352121000427697,0
2561,352120003774648,0
2562,352120000474662,0
2563,352120001006307,0
2564,352120001869714,0
2565,352120000038000,0
2566,352120002862414,0
2567,352120010416055,0
2568,352120000795481,0
2569,352120001381917,0
2570,352120000541741,0
2571,352120000551470,0
2572,352120002137020,0
2573,352120001447476,0
2574,352121000646874,0
2575,352120000949241,0
2576,352121000833311,0
2577,352120000304078,0
2578,352120000299468,0
2579,352120002224770,0
2580,352120001316983,0
2581,352120010372530,0
2582,352120003022279,0
2583,352120000543911,0
2584,352120001798255,0
2585,352120010367339,0
2586,352120000992241,1
2587,352120001349406,0
2588,352121005067879,0
2589,352120003786469,0
2590,352120001930974,0
2591,352120002163764,0
2592,352120000239082,0
2593,352120001170002,0
2594,352120010525000,0
2595,352120001578257,0
2596,352120003727629,0
2597,352120001039520,0
2598,352120000503629,0
2599,352120001924779,0
2600,352120003288273,0
2601,352120000131705,0
2602,352120002709936,0
2603,352120002471817,0
2604,352120003651415,0
2605,352120003238583,0
2606,352120003471905,0
2607,352120000905554,0
2608,352121000370714,0
2609,352120003359021,0
2610,352120000807413,0
2611,352120003362569,0
2612,352120010555924,0
2613,352120002131876,0
2614,352120001542379,0
2615,352120002093887,0
2616,352120001889224,0
2617,352120002619569,0
2618,352120000825091,0
2619,352120010421353,0
2620,352120002812453,0
2621,352120001590628,0
2622,352120003298368,0
2623,352120001280748,0
2624,352120002530893,0
2625,352120000623988,0
2626,352120002061650,0
2627,352120000742141,0
2628,352120001370344,0
2629,352120010375558,0
2630,352120001956453,0
2631,352120000261891,0
2632,352120003275662,0
2633,352120003706645,0
2634,352120001422726,0
2635,352120001529600,0
2636,352120000382387,0
2637,352120010022665,0
2638,352120010115552,0
2639,352120000244456,0
2640,352120001473128,0
2641,352120010027927,0
2642,352120003506179,0
2643,352120000651652,0
2644,352120002062109,0
2645,352120010030566,0
2646,352120002962818,0
2647,352120000602851,0
2648,352121001227693,0
2649,352120003130462,0
2650,352120000001598,0
2651,352120010557911,0
2652,352120001369022,0
2653,352120000875687,0
2654,352120001004386,0
2655,352120000755995,0
2656,352120000478417,0
2657,352120000774851,0
2658,352120000177966,0
2659,352128000510314,0
2660,352120000058728,0
2661,352120002521883,0
2662,352120000953833,0
2663,352120000362841,0
2664,352120003651419,0
2665,352120003549933,0
2666,352120000850047,0
2667,352120010175777,0
2668,352120000348998,0
2669,352120001615782,0
2670,352120000621373,0
2671,352120000814354,0
2672,352120002423558,0
2673,352120002932837,0
2674,352121000863653,0
2675,352120001237006,0
2676,352120002092909,0
2677,352120000487760,0
2678,352120002739455,0
2679,352120003280344,0
2680,352120000187810,0
2681,352120000031763,0
2682,352120002226115,0
2683,352120000830311,0
2684,352120000551270,0
2685,352120002464626,0
2686,352120000445831,0
2687,352121202598430,0
2688,352120002228930,0
2689,352120002500762,0
2690,352120002421570,0
2691,352120001463854,0
2692,352121000751852,0
2693,352121000423192,0
2694,352120003379648,0
2695,352120002217669,0
2696,352120000611725,0
2697,352121003976209,0
2698,352120002195158,0
2699,352120003730997,0
2700,352120001959455,0
2701,352121203023103,0
2702,352120000072691,0
2703,352121004123683,0
2704,352120001191773,0
2705,352121000199355,0
2706,352120002451514,0
2707,352120001385972,0
2708,352120000419364,0
2709,352120001432397,0
2710,352120001281043,0
2711,352120002887886,0
2712,352120002119673,0
2713,352120002581698,0
2714,352120003673805,0
2715,352120001293142,0
2716,352120000904188,0
2717,352120002164132,0
2718,352120001605235,0
2719,352120002658457,0
2720,352120001852284,0
2721,352120000152074,0
2722,352121201454657,0
2723,352120000024172,0
2724,352120003601824,0
2725,352120010069568,0
2726,352120000571518,0
2727,352120002396616,0
2728,352120001083735,0
2729,352120002438400,0
2730,352120002804715,0
2731,352120000160578,0
2732,352120002186793,0
2733,352128000003141,0
2734,352120003377465,0
2735,352120001216752,0
2736,352128000043176,0
2737,352120002619487,0
2738,352121004289174,0
2739,352128000026634,0
2740,352120002130266,0
2741,352120001592678,0
2742,352120000320371,0
2743,352120003287138,0
2744,352121000103278,0
2745,352120003482748,0
2746,352120003310952,0
2747,352120001923272,0
2748,352120002726316,0
2749,352120001466367,0
2750,352120002221552,0
2751,352120000466928,0
2752,352120003288937,0
2753,352120003531681,0
2754,352120000022093,0
2755,352120000500113,0
2756,352120003314077,0
2757,352120000584722,0
2758,352120003509372,0
2759,352120002065556,0
2760,352120000379558,0
2761,352120000103669,0
2762,352120001114208,0
2763,352120002725281,0
2764,352120000858735,0
2765,352120001062255,0
2766,352120003292185,0
2767,352120001974880,0
2768,352120000757415,0
2769,352120002529994,0
2770,352120002654559,0
2771,352120001469786,0
2772,352120001084459,0
2773,352120000505831,0
2774,352120003318626,0
2775,352121001031257,0
2776,352120000445637,0
2777,352120000463410,0
2778,352120000823859,0
2779,352120002458319,0
2780,352120001456787,0
2781,352120003749593,0
2782,352120002589990,0
2783,352121204213252,0
2784,352120010174562,0
2785,352120001870703,0
2786,352120002116453,0
2787,352120001887865,0
2788,352120000099096,0
2789,352120000959334,0
2790,352120002006179,0
2791,352120000953003,0
2792,352120010201332,0
2793,352120010375281,0
2794,352120000704889,0
2795,352120001226433,0
2796,352120001031432,0
2797,352120000342382,0
2798,352120000475152,0
2799,352120003316245,0
2800,352120010151237,0
2801,352120000244286,0
2802,352120001348796,0
2803,352120001301394,0
2804,352120000498500,0
2805,352121000771252,0
2806,352120000888854,0
2807,352120010396483,0
2808,352120003261370,0
2809,352120000683365,0
2810,352120000600040,0
2811,352120000704933,0
2812,352120000006659,0
2813,352121000924641,0
2814,352120000757222,0
2815,352120002515881,0
2816,352120001901966,0
2817,352121004404055,0
2818,352120010212058,0
2819,352120000287651,0
2820,352120003152824,0
2821,352120010364614,0
2822,352120003588781,0
2823,352120001950656,0
2824,352120000449371,0
2825,352120000371664,0
2826,352120002128336,1
2827,352121004971274,0
2828,352120001086907,0
2829,352120000721666,0
2830,352120107162735,0
2831,352120001018489,0
2832,352120002532048,0
2833,352120000358885,0
2834,352120002092718,0
2835,352120001301708,0
2836,352120003712356,0
2837,352120010394997,0
2838,352121000077964,0
2839,352120003311030,0
2840,352120010538480,0
2841,352120002420991,0
2842,352120002769306,0
2843,352120000731331,0
2844,352120010076481,0
2845,352120010571533,0
2846,352120000122112,0
2847,352121000088444,0
2848,352120000590874,0
2849,352121004116276,0
2850,352120001237857,0
2851,352120002398784,0
2852,352120000919791,0
2853,352120002192810,0
2854,352120000516501,0
2855,352120003752535,0
2856,352121000193133,0
2857,352121004637288,0
2858,352120010011375,0
2859,352120000236001,0
2860,352120003191981,0
2861,352120000724894,0
2862,352120000146940,0
2863,352120000200083,0
2864,352120002163275,0
2865,352120001477893,0
2866,352120000370658,0
2867,352120001090074,0
2868,352120010429812,0
2869,352120000146123,0
2870,352120000885641,0
2871,352128000612681,0
2872,352120002065156,0
2873,352121001229491,0
2874,352120002754707,0
2875,352120001136553,0
2876,352120001906982,0
2877,352121005182060,0
2878,352120003618646,0
2879,352120000331297,0
2880,352120002009220,1
2881,352120002008164,0
2882,352120002470110,0
2883,352120003268853,0
2884,352120003289362,0
2885,352120000493878,0
2886,352120000004806,0
2887,352120000059466,0
2888,352121000392630,0
2889,352120002767359,0
2890,352120000591112,0
2891,352120002195837,0
2892,352120010122931,0
2893,352120000627312,0
2894,352120000245935,0
2895,352120000981388,0
2896,352120010393166,0
2897,352121005834642,0
2898,352121204977762,0
2899,352120000996477,0
2900,352120002876226,0
2901,352120002884832,0
2902,352120000390622,0
2903,352121204711028,0
2904,352120000669695,0
2905,352120002221057,0
2906,352120002577838,0
2907,352120001401674,0
2908,352120010370616,0
2909,352120000205995,0
2910,352120001944480,0
2911,352120003235752,0
2912,352120002535142,0
2913,352120003485377,0
2914,352120001578978,0
2915,352120002129885,0
2916,352120001565759,0
2917,352120000341908,0
2918,352120003200224,0
2919,352120001392112,0
2920,352120000560247,0
2921,352120000167314,0
2922,352120003324505,0
2923,352120002603542,0
2924,352120000866209,0
2925,352120000248259,0
2926,352120010210640,0
2927,352120003719521,0
2928,352120000581764,0
2929,352120001492024,0
2930,352120002007439,0
2931,352120000604929,0
2932,352120000479881,0
2933,352120002075774,0
2934,352120000077930,0
2935,352120003589794,0
2936,352120000407916,0
2937,352120003231368,0
2938,352120000994505,0
2939,352120001229666,0
2940,352120002050399,0
2941,352121001231580,0
2942,352120000580910,0
2943,352120002720368,0
2944,352120003656250,0
2945,352120000751122,0
2946,352120001231965,0
2947,352120002877792,0
2948,352120001191751,0
2949,352120000408799,0
2950,352120001962670,0
2951,352120000258642,0
2952,352120003458850,0
2953,352120000783060,0
2954,352121000570687,0
2955,352120001721003,0
2956,352120000986730,0
2957,352120000643757,0
2958,352120002817238,0
2959,352120001379032,0
2960,352120002767112,0
2961,352120003408444,0
2962,352120000483091,0
2963,352120001296041,0
2964,352120000615250,0
2965,352120000568012,0
2966,352120001035514,0
2967,352120001950650,0
2968,352120003789079,0
2969,352120001923822,0
2970,352120001829701,0
2971,352120003236058,0
2972,352120001292995,0
2973,352128000442502,0
2974,352120001623610,0
2975,352120000305848,0
2976,352120001084620,0
2977,352120107144444,0
2978,352120000653785,0
2979,352121205963073,0
2980,352120000380992,0
2981,352120002433886,0
2982,352120010149218,0
2983,352120001301690,0
2984,352120003392461,0
2985,352120000115364,0
2986,352120002474433,0
2987,352120001973310,0
2988,352120002021755,0
2989,352120001956164,0
2990,352120001625682,0
2991,352121000555661,1
2992,352121000073106,0
2993,352120003176293,0
2994,352121204936435,0
2995,352120002706861,0
2996,352120001131515,0
2997,352120002202750,0
2998,352120000505041,0
2999,352120001627393,0
3000,352120001926597,0
3001,352120002849148,0
3002,352120001434601,0
3003,352120000861927,0
3004,352120001619845,0
3005,352120001934365,0
3006,352120000841249,0
3007,352120001089174,0
3008,352120001002800,0
3009,352120002415689,0
3010,352120002808490,0
3011,352121206780210,0
3012,352120002617517,0
3013,352120001415475,0
3014,352120003304903,0
3015,352120000328304,0
3016,352120001953778,0
3017,352120001521351,0
3018,352120001989755,0
3019,352120000552007,0
3020,352120001404086,0
3021,352120000948984,0
3022,352120002626776,0
3023,352120000080228,0
3024,352121203610270,0
3025,352120002718598,0
3026,352120001237756,0
3027,352120003147602,0
3028,352120010031242,0
3029,352120000871844,0
3030,352120000283025,0
3031,352120001961879,0
3032,352120001978200,0
3033,352120003471737,0
3034,352120002608987,0
3035,352120001109190,0
3036,352120003184586,0
3037,352120001222257,0
3038,352120002171040,0
3039,352120000900310,0
3040,352120000649062,0
3041,352120003477948,0
3042,352120002487550,0
3043,352120000723120,0
3044,352120003703178,0
3045,352121000063368,0
3046,352120001620693,0
3047,352120000921568,0
3048,352120000468517,0
3049,352120000240381,0
3050,352120003411629,0
3051,352120001588154,0
3052,352120001861854,0
3053,352120003253781,0
3054,352120002151989,0
3055,352120002076877,0
3056,352120010149539,0
3057,352120001886646,0
3058,352120002548004,0
3059,352120001844447,0
3060,352120000502131,0
3061,352120001869778,0
3062,352121000361832,0
3063,352120000816924,0
3064,352120000069547,0
3065,352120000331039,0
3066,352120003607252,0
3067,352120000102806,0
3068,352120002810414,0
3069,352120001999858,0
3070,352120000825826,0
3071,352120010032245,0
3072,352120001324759,0
3073,352120001004549,0
3074,352120000086288,0
3075,352121202557653,1
3076,352120002607617,0
3077,352120001007366,0
3078,352120000109703,0
3079,352120002867450,0
3080,352120002609649,0
3081,352120002847565,0
3082,352120002123975,0
3083,352120000366565,0
3084,352120003578222,0
3085,352120002765719,0
3086,352120000672548,0
3087,352120000162965,0
3088,352120001399068,0
3089,352120000258263,0
3090,352121000495597,0
3091,352120000982869,0
3092,352120002220066,0
3093,352120000761672,0
3094,352120002479544,0
3095,352120000144396,0
3096,352120000119191,0
3097,352120002763568,0
3098,352120000433823,0
3099,352120001307707,0
3100,352120001294105,0
3101,352120003256825,0
3102,352120001129558,0
3103,352121004167097,0
3104,352120002730239,0
3105,352120000808199,0
3106,352120000988952,0
3107,352120001290794,0
3108,352120002405099,0
3109,352120010067781,0
3110,352120003351154,0
3111,352120000644227,0
3112,352120010092410,0
3113,352120000489259,0
3114,352120001954164,0
3115,352120003184272,0
3116,352121004242712,0
3117,352120001540340,0
3118,352120002104966,0
3119,352120003368132,0
3120,352120001883218,0
3121,352120000647712,0
3122,352120001238666,0
3123,352120000075764,0
3124,352120001478133,0
3125,352120010228954,0
3126,352120002577624,0
3127,352120000460094,0
3128,352120002055256,0
3129,352120001270409,0
3130,352120001048447,0
3131,352120001868746,0
3132,352120002206192,0
3133,352120002495840,0
3134,352126003488400,0
3135,352120001956483,0
3136,352120001197731,0
3137,352120003287511,0
3138,352120001445395,0
3139,352120003200231,0
3140,352120000507679,0
3141,352120001166630,0
3142,352120001493915,0
3143,352120000139668,0
3144,352120000717274,0
3145,352120002163055,0
3146,352120002462267,0
3147,352120001371101,0
3148,352120000284870,0
3149,352120002448753,0
3150,352120000696538,0
3151,352120000351299,0
3152,352120001973785,0
3153,352120003368804,0
3154,352120000657482,0
3155,352120002471747,0
3156,352120002208907,0
3157,352120003239009,0
3158,352120001550802,0
3159,352120000234173,0
3160,352120001347515,0
3161,352120000927256,0
3162,352120002106952,0
3163,352120001434025,0
3164,352120001856490,0
3165,352120002151770,0
3166,352120000989238,0
3167,352120001971822,0
3168,352120000941294,0
3169,352120003196799,0
3170,352121001220635,0
3171,352120000644609,0
3172,352120003264054,0
3173,352121000077930,0
3174,352120000056593,0
3175,352120002139017,0
3176,352120001501781,0
3177,352120001401124,0
3178,352120010172310,0
3179,352120010425883,0
3180,352120002801039,0
3181,352120002420130,0
3182,352120003207610,0
3183,352120000104438,0
3184,352121004698240,0
3185,352120010111614,0
3186,352120010164068,0
3187,352120002546794,0
3188,352120002229242,0
3189,352120001285054,0
3190,352120010375774,0
3191,352120003192910,0
3192,352120002186938,0
3193,352120000245102,0
3194,352120000499122,0
3195,352120000592542,0
3196,352120000783679,0
3197,352120000801128,0
3198,352120000598947,0
3199,352120010358427,0
3200,352120003641436,0
3201,352120000586085,0
3202,352120000085286,0
3203,352120001477246,0
3204,352121000658700,0
3205,352120002157497,0
3206,352120003262798,0
3207,352120000644477,0
3208,352120000900559,0
3209,352120000337637,0
3210,352120003617976,0
3211,352120001982547,0
3212,352120000749410,0
3213,352120000875811,0
3214,352120003316576,0
3215,352120001599621,0
3216,352120001989380,0
3217,352120002057830,0
3218,352120003238784,0
3219,352120000139777,0
3220,352120001347837,0
3221,352120001931685,0
3222,352120002809746,0
3223,352120003634177,0
3224,352120001944573,0
3225,352120001557645,0
3226,352120003429250,0
3227,352120003361922,0
3228,352120000246255,0
3229,352120002234865,0
3230,352120002059377,0
3231,352120000640011,0
3232,352120001591444,0
3233,352120002448661,0
3234,352120001367183,0
3235,352120001367030,0
3236,352120002805399,0
3237,352120002597478,0
3238,352120002125420,0
3239,352120000376905,0
3240,352120000131469,0
3241,352120002530596,0
3242,352120010431234,0
3243,352120000334208,0
3244,352120000363982,0
3245,352120000690906,0
3246,352120000713646,0
3247,352120001848601,0
3248,352120000647776,0
3249,352120000397561,0
3250,352120001579712,0
3251,352120000447781,0
3252,352120002577360,0
3253,352120001400745,0
3254,352120001523552,0
3255,352120001391064,0
3256,352120000094360,0
3257,352120001429795,0
3258,352120001449985,0
3259,352120000550540,0
3260,352120001333217,0
3261,352121000498512,0
3262,352120001099374,0
3263,352120002653078,0
3264,352120010171782,0
3265,352120001548969,0
3266,352120002535263,0
3267,352120001207592,0
3268,352120001442911,0
3269,352120010373260,0
3270,352120000802273,0
3271,352120002438918,0
3272,352120010113704,0
3273,352120003720005,0
3274,352120000541931,0
3275,352120002887331,0
3276,352120002212064,0
3277,352120010559803,0
3278,352120002400477,0
3279,352120001415382,0
3280,352120002620286,0
3281,352120003199352,0
3282,352120003267461,0
3283,352120001145872,0
3284,352120003291626,0
3285,352121200935884,0
3286,352120000548736,0
3287,352120000638188,0
3288,352120002911275,0
3289,352121004281860,0
3290,352120002134741,0
3291,352120002138952,0
3292,352121000125372,0
3293,352120000691415,0
3294,352121000962757,0
3295,352120003432317,0
3296,352120001558639,0
3297,352120001525161,0
3298,352121000346424,0
3299,352120001496386,0
3300,352120000949446,0
3301,352120001416501,0
3302,352120003243820,0
3303,352120001515104,0
3304,352120001932690,0
3305,352120002010508,0
3306,352120001368300,0
3307,352120001096109,0
3308,352120001368072,0
3309,352120002887888,0
3310,352120001594304,0
3311,352121004894274,0
3312,352121000089244,0
3313,352121000891092,0
3314,352120003562017,0
3315,352121004031697,0
3316,352120002221451,0
3317,352120001540550,0
3318,352120000099663,0
3319,352120003192638,0
3320,352120001523843,0
3321,352120010113252,0
3322,352120000956348,0
3323,352120000550573,0
3324,352120002189297,0
3325,352120001591382,0
3326,352120000424831,0
3327,352120003614489,0
3328,352120002794554,0
3329,352120010057836,0
3330,352120002127381,0
3331,352120000313976,0
3332,352120001485743,0
3333,352120001516462,0
3334,352120000432961,0
3335,352120000150331,0
3336,352120000758696,0
3337,352120003789292,0
3338,352120000059394,0
3339,352120000338205,0
3340,352120000776579,0
3341,352120001445383,0
3342,352120001313138,0
3343,352120000315514,0
3344,352120001874290,0
3345,352120001015684,0
3346,352120000202829,0
3347,352120001935347,0
3348,352121000898916,0
3349,352120000620280,0
3350,352120000863891,0
3351,352120002187141,0
3352,352120003778505,0
3353,352120000940450,0
3354,352120003253250,0
3355,352120001907364,0
3356,352121000120352,0
3357,352120001860399,0
3358,352120002072846,0
3359,352120002423667,0
3360,352120002217159,0
3361,352120002177503,0
3362,352120003698982,0
3363,352120000794665,0
3364,352120010043670,0
3365,352120001630380,0
3366,352120002078191,0
3367,352121000473476,0
3368,352128000163099,0
3369,352120001055756,0
3370,352120001850827,0
3371,352121000044837,0
3372,352120003274271,0
3373,352120003359905,0
3374,352120001226582,0
3375,352120001940801,0
3376,352121000497104,0
3377,352121005998756,0
3378,352120000477395,0
3379,352120002195365,0
3380,352120003799547,0
3381,352120003475574,0
3382,352120002504243,0
3383,352120107169609,0
3384,352121005399448,0
3385,352120003580388,0
3386,352120003340648,0
3387,352120000488967,0
3388,352121000965888,0
3389,352120010128876,0
3390,352121000064585,0
3391,352120002983350,0
3392,352120000512636,0
3393,352121203803252,0
3394,352120003098414,0
3395,352120010383836,0
3396,352120001924456,0
3397,352120001610941,0
3398,352120000050378,0
3399,352120000616919,0
3400,352120003633775,0
3401,352120010560223,0
3402,352120001864575,0
3403,352121004880900,0
3404,352120002063365,0
3405,352120001042627,0
3406,352120003375711,0
3407,352120001367701,0
3408,352120002816039,0
3409,352120000299759,0
3410,352120000112318,0
3411,352120000476095,0
3412,352120002560872,0
3413,352120001269172,0
3414,352120002413806,0
3415,352120003358950,0
3416,352120000331254,0
3417,352120002407274,0
3418,352120000303881,0
3419,352120000880790,0
3420,352120003572689,0
3421,352120001409682,0
3422,352120000598738,0
3423,352121001231020,0
3424,352120002526030,0
3425,352120001369880,0
3426,352120000173572,0
3427,352120003173351,0
3428,352120000131982,0
3429,352120000281756,0
3430,352120000272739,0
3431,352120001463011,0
3432,352120002790791,0
3433,352121000062691,0
3434,352120001912819,0
3435,352121000061751,0
3436,352121004354645,0
3437,352121004644985,0
3438,352120001594445,0
3439,352120001865824,0
3440,352120010210266,0
3441,352120001244865,0
3442,352128000435867,0
3443,352120000740839,0
3444,352120003782907,0
3445,352120000018614,0
3446,352120000939976,0
3447,352120010428108,0
3448,352120001346608,0
3449,352120000802065,0
3450,352120002121426,0
3451,352120010550413,0
3452,352120000462447,0
3453,352120001262314,0
3454,352120002200270,0
3455,352120000400629,0
3456,352120001563589,0
3457,352120001899500,0
3458,352120003197410,0
3459,352120000467686,0
3460,352120002131837,0
3461,352120003258961,0
3462,352121201996571,1
3463,352120010032304,0
3464,352120002408876,0
3465,352121000392536,0
3466,352120000930231,0
3467,352120000087646,0
3468,352120002137415,0
3469,352120002840014,0
3470,352120001186050,0
3471,352120001289506,0
3472,352120000518426,0
3473,352120002102962,0
3474,352120002209626,0
3475,352120000122591,0
3476,352120000998222,0
3477,352120001494972,0
3478,352120000613937,0
3479,352120001538537,0
3480,352120001048844,0
3481,352120000769701,0
3482,352120000231138,0
3483,352120002053843,0
3484,352120001198844,0
3485,352120003428333,0
3486,352120001870858,0
3487,352120003618366,0
3488,352120000341240,0
3489,352120003187578,0
3490,352120002071489,0
3491,352120000869307,0
3492,352120002076213,0
3493,352120001598977,0
3494,352120002186829,0
3495,352120001239870,0
3496,352121001232804,0
3497,352121000210539,0
3498,352120002454100,0
3499,352120000611668,0
3500,352120001915663,0
3501,352121200498453,0
3502,352120010031508,0
3503,352120000572370,0
3504,352120002714234,0
3505,352120002827372,0
3506,352120000065931,0
3507,352121202962424,0
3508,352128000545179,0
3509,352120002307200,0
3510,352120002184075,0
3511,352120000909854,0
3512,352120000177448,0
3513,352120001829842,0
3514,352120003618903,0
3515,352120003511967,0
3516,352121001324392,0
3517,352121000130838,0
3518,352120001265071,0
3519,352120002103963,0
3520,352120001304137,0
3521,352121000138313,0
3522,352120001624397,0
3523,352128000015733,0
3524,352120010207863,0
3525,352120000310824,0
3526,352120000612306,0
3527,352120000700000,0
3528,352120003274713,0
3529,352120001222864,0
3530,352120001997901,0
3531,352120002720594,0
3532,352120002987670,0
3533,352120003611941,0
3534,352120002072099,0
3535,352120000021827,0
3536,352120001575429,0
3537,352120003418198,0
3538,352120002663147,0
3539,352120001078320,0
3540,352120000799125,0
3541,352121000508291,0
3542,352120000071773,0
3543,352120001195515,0
3544,352120002445710,0
3545,352120010401689,0
3546,352120010528102,0
3547,352121000271593,0
3548,352120002583891,0
3549,352121004981041,0
3550,352120107167591,0
3551,352120001310076,0
3552,352120003648258,0
3553,352120002006023,0
3554,352120001283775,0
3555,352120000027736,0
3556,352120000303833,0
3557,352120002579578,0
3558,352120000022039,0
3559,352121205729036,0
3560,352120000570864,0
3561,352120002605206,0
3562,352121206909482,0
3563,352120003348077,0
3564,352120003295590,0
3565,352120001521222,0
3566,352121000246154,0
3567,352120000150703,0
3568,352120001978427,0
3569,352120003224194,0
3570,352120002777329,0
3571,352121000053446,0
3572,352120000267468,0
3573,352120002006839,0
3574,352120000722829,0
3575,352121000222661,0
3576,352120001723225,0
3577,352120002761833,0
3578,352120000689272,0
3579,352120002460069,0
3580,352120003296243,0
3581,352120002184972,0
3582,352120000041953,0
3583,352120000705075,0
3584,352120003173133,0
3585,352120000312935,0
3586,352120003316262,0
3587,352120001558508,0
3588,352120001998736,0
3589,352120001323913,0
3590,352121205115360,0
3591,352120003270427,0
3592,352120002544048,0
3593,352120010073081,0
3594,352120000656326,0
3595,352120003261095,0
3596,352120003720095,0
3597,352120010391385,0
3598,352120003371786,0
3599,352120001558498,0
3600,352120001194968,0
3601,352121000136723,0
3602,352121000191671,0
3603,352120001949149,0
3604,352120000635331,0
3605,352120000320437,0
3606,352120002220691,0
3607,352120000657791,0
3608,352120000558846,0
3609,352120001586914,0
3610,352120002139764,0
3611,352120001896575,0
3612,352120002816925,0
3613,352120002041255,0
3614,352120001933123,0
3615,352120002156925,0
3616,352120003286921,0
3617,352120002144868,0
3618,352120010541747,0
3619,352120000880932,0
3620,352120000794468,0
3621,352120001397390,0
3622,352120000061981,0
3623,352120010076654,0
3624,352120000617292,0
3625,352120001375989,0
3626,352120000129022,0
3627,352120000949139,0
3628,352120000650605,0
3629,352120000679948,0
3630,352120000028042,0
3631,352120000635924,0
3632,352120000473308,0
3633,352120000448449,0
3634,352120000528699,0
3635,352120003281390,0
3636,352120001988319,0
3637,352121000164922,0
3638,352120001654131,0
3639,352120001879821,0
3640,352120001968500,0
3641,352120000937600,0
3642,352121205236420,0
3643,352120000675604,0
3644,352120001321975,0
3645,352120002149010,0
3646,352120001570758,0
3647,352120000505249,0
3648,352120002830927,0
3649,352120002244068,0
3650,352121000099306,0
3651,352120001998221,0
3652,352120001679929,0
3653,352120000328046,0
3654,352120002230733,0
3655,352120001560286,0
3656,352120000145588,0
3657,352120001183501,0
3658,352121208405458,0
3659,352120003256966,0
3660,352120001597837,0
3661,352120000010106,0
3662,352120003359896,0
3663,352120001233628,0
3664,352120000469671,0
3665,352120001475292,0
3666,352120001384209,0
3667,352120001187398,0
3668,352120010355029,0
3669,352120001624710,0
3670,352120003786380,0
3671,352120000956543,0
3672,352120000523105,0
3673,352120001252853,0
3674,352120000998878,0
3675,352120001887406,0
3676,352120002482108,0
3677,352120001717415,0
3678,352120002209840,0
3679,352120002794776,0
3680,352121208253144,0
3681,352120000704414,0
3682,352120001532918,0
3683,352120000044545,0
3684,352120002833760,0
3685,352120010007293,0
3686,352120001003868,0
3687,352120003664072,0
3688,352120000116850,0
3689,352120002114208,0
3690,352120010149734,0
3691,352120000661604,0
3692,352120010029109,0
3693,352120000803517,0
3694,352120003261187,0
3695,352120000609530,0
3696,352121206931093,0
3697,352120002054939,0
3698,352120000263143,0
3699,352120000527207,0
3700,352120003292168,0
3701,352120003201096,0
3702,352120000451642,0
3703,352120107143473,0
3704,352120000845150,0
3705,352120000728202,0
3706,352120001049403,0
3707,352120002508241,0
3708,352120002182910,0
3709,352120001312993,0
3710,352120000640331,0
3711,352120002712031,0
3712,352120000248691,0
3713,352120000840885,0
3714,352120010366198,0
3715,352120000160128,0
3716,352120001738643,0
3717,352120002439775,0
3718,352120001993407,0
3719,352120003486360,0
3720,352120000098891,0
3721,352120001867906,0
3722,352120001854442,0
3723,352120001418013,0
3724,352120000545351,0
3725,352120003298525,0
3726,352120000588600,0
3727,352120003567719,0
3728,352121005917074,0
3729,352120002051531,0
3730,352120000788271,0
3731,352120002145757,0
3732,352120001351704,0
3733,352121005431776,0
3734,352120000197868,0
3735,352120000884190,0
3736,352128000519630,0
3737,352120001125406,0
3738,352120002231333,0
3739,352120002070676,0
3740,352120001629604,0
3741,352120001278506,0
3742,352120003375272,0
3743,352120000313405,0
3744,352120000039875,0
3745,352120000707160,0
3746,352120001340302,0
3747,352120003202063,0
3748,352120000083935,0
3749,352120001392402,0
3750,352120000791314,0
3751,352120001791706,0
3752,352120000392171,0
3753,352120000297424,0
3754,352120000692520,0
3755,352120001355131,0
3756,352120002524514,0
3757,352120001258551,0
3758,352120001552627,0
3759,352120000635759,0
3760,352120000590794,1
3761,352120001863121,0
3762,352120001439343,0
3763,352120001080143,0
3764,352120010072394,0
3765,352120002208536,0
3766,352120000838898,0
3767,352120000833494,0
3768,352120001964000,0
3769,352120003605412,0
3770,352120010199339,0
3771,352120001523931,0
3772,352120000206745,0
3773,352120001856098,0
3774,352120002010631,0
3775,352120002155291,0
3776,352120000819313,0
3777,352120001329896,0
3778,352120002095097,0
3779,352120003263994,0
3780,352120001401949,0
3781,352121004358079,0
3782,352121000082197,0
3783,352120000714375,0
3784,352120000379869,0
3785,352120010135472,0
3786,352120002713392,1
3787,352120003453145,0
3788,352120001514392,0
3789,352120000015378,0
3790,352120002219113,0
3791,352120001105297,0
3792,352120001901776,0
3793,352120010117901,0
3794,352120003245255,0
3795,352120001020794,0
3796,352121000898511,0
3797,352120000429722,0
3798,352120001183164,0
3799,352120000457010,0
3800,352121204943128,0
3801,352120002016980,0
3802,352120000512723,0
3803,352120010092688,0
3804,352120001872000,0
3805,352120003587615,0
3806,352120001545973,0
3807,352120003599176,0
3808,352120001580127,0
3809,352120000082224,0
3810,352120001308304,0
3811,352120000476908,0
3812,352120010001879,0
3813,352120000664966,0
3814,352120002999820,0
3815,352121004801962,0
3816,352120001907639,0
3817,352120001358465,0
3818,352120010011531,0
3819,352120001726439,0
3820,352120002849134,0
3821,352120107169058,0
3822,352121206794278,0
3823,352120000248503,0
3824,352120001504002,0
3825,352120000416339,0
3826,352120000045321,0
3827,352120002402069,0
3828,352120001439857,0
3829,352120002420805,0
3830,352120001882279,0
3831,352120002130217,0
3832,352120010200379,0
3833,352120000544765,0
3834,352120002560311,0
3835,352121004247029,1
3836,352121100031203,0
3837,352120003235813,0
3838,352120010147497,0
3839,352120000646932,0
3840,352120001577767,0
3841,352120001815495,0
3842,352121000083178,0
3843,352120010062131,0
3844,352120003160047,0
3845,352120010389834,0
3846,352120001981932,0
3847,352120000432560,0
3848,352120000140652,0
3849,352120002063596,0
3850,352120002412952,0
3851,352121205025501,0
3852,352120010111682,0
3853,352120003277734,0
3854,352120000432225,0
3855,352120001790921,0
3856,352120002602598,0
3857,352120000750484,0
3858,352120000624521,0
3859,352120002098904,0
3860,352121203163496,0
3861,352120000090434,0
3862,352120010027672,0
3863,352120000519031,0
3864,352120000895224,0
3865,352120001840942,0
3866,352121203801433,0
3867,352120002286133,0
3868,352120000817424,0
3869,352120000627942,0
3870,352121004047139,0
3871,352128000536485,0
3872,352120001268968,0
3873,352120000702858,0
3874,352120000354928,0
3875,352120000459105,0
3876,352121004709434,0
3877,352120003654579,0
3878,352120000026851,0
3879,352120003272353,0
3880,352120001004922,0
3881,352120001277768,0
3882,352120001624713,0
3883,352120001024703,0
3884,352120001622524,0
3885,352120002877466,0
3886,352120002149218,0
3887,352120003514266,0
3888,352120001388767,0
3889,352121005614605,1
3890,352120001585716,0
3891,352120003220632,0
3892,352120003216106,0
3893,352120010142739,0
3894,352120107170564,0
3895,352120002063725,0
3896,352120107170966,0
3897,352120003455434,0
3898,352120001455351,0
3899,352120003151847,0
3900,352120002539836,0
3901,352120002474107,0
3902,352120002156027,0
3903,352120001900800,0
3904,352120003247755,0
3905,352120001267255,0
3906,352120002051946,1
3907,352120002593653,0
3908,352121206791240,0
3909,352120003746180,0
3910,352120010101791,0
3911,352120000211942,0
3912,352120000446093,0
3913,352120003607769,0
3914,352120003176292,0
3915,352121202606415,0
3916,352120003748860,0
3917,352120002840873,0
3918,352121000808002,0
3919,352120003749595,0
3920,352120001940746,0
3921,352120001228225,0
3922,352121204849242,0
3923,352121205606438,0
3924,352120003568921,0
3925,352120000415646,0
3926,352121001054699,0
3927,352120003133040,0
3928,352120000616943,0
3929,352120002449891,0
3930,352120010016977,0
3931,352121000797247,0
3932,352120001020631,0
3933,352120001160252,0
3934,352120000633216,0
3935,352120010393067,0
3936,352120000899881,0
3937,352120001953487,0
3938,352120001092266,0
3939,352121204306241,0
3940,352120001115866,0
3941,352120002653004,0
3942,352120001286123,0
3943,352120002575241,0
3944,352120001320496,0
3945,352120003557628,0
3946,352120002756314,0
3947,352120001535141,0
3948,352120003261737,0
3949,352120001702412,0
3950,352121000593387,0
3951,352120107125608,0
3952,352120002594217,0
3953,352120107149225,0
3954,352120001389898,0
3955,352121000118595,0
3956,352120003220394,0
3957,352120003804334,0
3958,352120000090933,0
3959,352120010032685,0
3960,352120000705421,0
3961,352120002828753,0
3962,352120002392185,0
3963,352121204306218,0
3964,352121000053243,0
3965,352120002719078,0
3966,352120003190125,0
3967,352120107117029,0
3968,352120002054762,0
3969,352120010201318,0
3970,352120002833651,0
3971,352120003358201,0
3972,352128000106784,0
3973,352120010567718,0
3974,352120003366567,0
3975,352121208999846,0
3976,352120010533698,0
3977,352121000773538,0
3978,352120003245187,0
3979,352120002099525,0
3980,352120002538519,0
3981,352121005135263,0
3982,352120003360768,0
3983,352120001767132,0
3984,352120010555968,0
3985,352120003597030,0
3986,352120000515095,0
3987,352120000631859,0
3988,352121204754954,0
3989,352120000892080,0
3990,352121000303613,0
3991,352120000938446,0
3992,352120000274933,0
3993,352120003379759,0
3994,352120001890970,0
3995,352120000952525,0
3996,352120002051164,0
3997,352120003292440,0
3998,352120003517830,0
3999,352121202891353,0
